country,network_type,flipped_dimension,file_name,number_of_edges,total_triangles,imbalanced_triangles,ratio_imbalanced,edge_weight_sum
AT,one_variable_flipped,anti_basic_income,AT_anti_basic_income_flipped.graphml,92,124,33,0.266129,8.536727
AT,one_variable_flipped,anti_climate_ban_appliances,AT_anti_climate_ban_appliances_flipped.graphml,92,136,41,0.301471,8.518584
AT,one_variable_flipped,anti_climate_change_renewables,AT_anti_climate_change_renewables_flipped.graphml,87,116,36,0.310345,8.446147
AT,one_variable_flipped,anti_climate_change_taxes,AT_anti_climate_change_taxes_flipped.graphml,91,135,34,0.251852,8.531883
AT,one_variable_flipped,anti_economic_interventionism,AT_anti_economic_interventionism_flipped.graphml,85,103,24,0.233010,8.441995
AT,one_variable_flipped,anti_egalitarianism,AT_anti_egalitarianism_flipped.graphml,87,110,26,0.236364,8.527695
AT,one_variable_flipped,anti_immigration,AT_anti_immigration_flipped.graphml,93,132,40,0.303030,8.616494
AT,one_variable_flipped,anti_lgbt,AT_anti_lgbt_flipped.graphml,96,149,43,0.288591,8.734159
AT,one_variable_flipped,anti_libertarianism,AT_anti_libertarianism_flipped.graphml,89,112,25,0.223214,8.519292
AT,one_variable_flipped,anti_social_benefits_low_income,AT_anti_social_benefits_low_income_flipped.graphml,87,114,30,0.263158,8.455050
AT,one_variable_flipped,anti_social_benefits_parents,AT_anti_social_benefits_parents_flipped.graphml,90,131,37,0.282443,8.607388
AT,one_variable_flipped,authoritarianism,AT_authoritarianism_flipped.graphml,85,106,24,0.226415,8.554743
AT,one_variable_flipped,benefits_harm_economy,AT_benefits_harm_economy_flipped.graphml,92,138,50,0.362319,8.589790
AT,one_variable_flipped,benefits_harm_society,AT_benefits_harm_society_flipped.graphml,91,136,37,0.272059,8.744663
AT,one_variable_flipped,climate_skepticism,AT_climate_skepticism_flipped.graphml,85,106,28,0.264151,8.512797
AT,one_variable_flipped,educational_spending,AT_educational_spending_flipped.graphml,103,189,63,0.333333,9.437069
AT,one_variable_flipped,euroscepticism,AT_euroscepticism_flipped.graphml,91,133,35,0.263158,8.506373
AT,one_variable_flipped,gender_inequality,AT_gender_inequality_flipped.graphml,87,110,27,0.245455,8.541667
AT,one_variable_flipped,left_right_identification,AT_left_right_identification_flipped.graphml,91,125,35,0.280000,8.537505
AT,one_variable_flipped,welfare_chauvinism,AT_welfare_chauvinism_flipped.graphml,90,134,39,0.291045,8.541862
AT,original,,AT.graphml,100,182,65,0.357143,9.742850
BE,one_variable_flipped,anti_basic_income,BE_anti_basic_income_flipped.graphml,109,197,63,0.319797,8.246528
BE,one_variable_flipped,anti_climate_ban_appliances,BE_anti_climate_ban_appliances_flipped.graphml,105,176,43,0.244318,8.118610
BE,one_variable_flipped,anti_climate_change_renewables,BE_anti_climate_change_renewables_flipped.graphml,105,178,64,0.359551,8.057472
BE,one_variable_flipped,anti_climate_change_taxes,BE_anti_climate_change_taxes_flipped.graphml,100,153,57,0.372549,8.287506
BE,one_variable_flipped,anti_economic_interventionism,BE_anti_economic_interventionism_flipped.graphml,101,153,52,0.339869,8.251173
BE,one_variable_flipped,anti_egalitarianism,BE_anti_egalitarianism_flipped.graphml,101,157,57,0.363057,8.382760
BE,one_variable_flipped,anti_immigration,BE_anti_immigration_flipped.graphml,108,188,68,0.361702,8.127711
BE,one_variable_flipped,anti_lgbt,BE_anti_lgbt_flipped.graphml,103,170,50,0.294118,8.012299
BE,one_variable_flipped,anti_libertarianism,BE_anti_libertarianism_flipped.graphml,99,150,51,0.340000,8.244161
BE,one_variable_flipped,anti_social_benefits_low_income,BE_anti_social_benefits_low_income_flipped.graphml,98,140,40,0.285714,8.214613
BE,one_variable_flipped,anti_social_benefits_parents,BE_anti_social_benefits_parents_flipped.graphml,98,135,39,0.288889,8.009841
BE,one_variable_flipped,authoritarianism,BE_authoritarianism_flipped.graphml,108,192,56,0.291667,8.047674
BE,one_variable_flipped,benefits_harm_economy,BE_benefits_harm_economy_flipped.graphml,117,264,102,0.386364,9.007966
BE,one_variable_flipped,benefits_harm_society,BE_benefits_harm_society_flipped.graphml,105,177,62,0.350282,8.353713
BE,one_variable_flipped,climate_skepticism,BE_climate_skepticism_flipped.graphml,112,234,91,0.388889,8.908264
BE,one_variable_flipped,educational_spending,BE_educational_spending_flipped.graphml,114,237,97,0.409283,8.484152
BE,one_variable_flipped,euroscepticism,BE_euroscepticism_flipped.graphml,108,187,60,0.320856,8.226584
BE,one_variable_flipped,gender_inequality,BE_gender_inequality_flipped.graphml,104,171,57,0.333333,8.206985
BE,one_variable_flipped,left_right_identification,BE_left_right_identification_flipped.graphml,99,140,42,0.300000,8.030426
BE,one_variable_flipped,welfare_chauvinism,BE_welfare_chauvinism_flipped.graphml,104,178,62,0.348315,8.479770
BE,original,,BE.graphml,110,208,73,0.350962,8.431915
CH,one_variable_flipped,anti_basic_income,CH_anti_basic_income_flipped.graphml,85,115,22,0.191304,7.658453
CH,one_variable_flipped,anti_climate_ban_appliances,CH_anti_climate_ban_appliances_flipped.graphml,84,107,27,0.252336,7.666014
CH,one_variable_flipped,anti_climate_change_renewables,CH_anti_climate_change_renewables_flipped.graphml,111,248,108,0.435484,9.355460
CH,one_variable_flipped,anti_climate_change_taxes,CH_anti_climate_change_taxes_flipped.graphml,90,123,37,0.300813,8.223599
CH,one_variable_flipped,anti_economic_interventionism,CH_anti_economic_interventionism_flipped.graphml,98,166,50,0.301205,8.096766
CH,one_variable_flipped,anti_egalitarianism,CH_anti_egalitarianism_flipped.graphml,98,165,53,0.321212,8.502412
CH,one_variable_flipped,anti_immigration,CH_anti_immigration_flipped.graphml,95,140,45,0.321429,8.073937
CH,one_variable_flipped,anti_lgbt,CH_anti_lgbt_flipped.graphml,84,99,24,0.242424,7.987223
CH,one_variable_flipped,anti_libertarianism,CH_anti_libertarianism_flipped.graphml,93,140,32,0.228571,8.047929
CH,one_variable_flipped,anti_social_benefits_low_income,CH_anti_social_benefits_low_income_flipped.graphml,108,219,77,0.351598,8.875839
CH,one_variable_flipped,anti_social_benefits_parents,CH_anti_social_benefits_parents_flipped.graphml,92,133,42,0.315789,8.198733
CH,one_variable_flipped,authoritarianism,CH_authoritarianism_flipped.graphml,88,117,30,0.256410,7.938365
CH,one_variable_flipped,benefits_harm_economy,CH_benefits_harm_economy_flipped.graphml,91,119,29,0.243697,7.964644
CH,one_variable_flipped,benefits_harm_society,CH_benefits_harm_society_flipped.graphml,89,119,32,0.268908,8.013779
CH,one_variable_flipped,climate_skepticism,CH_climate_skepticism_flipped.graphml,96,149,41,0.275168,8.267015
CH,one_variable_flipped,educational_spending,CH_educational_spending_flipped.graphml,110,248,97,0.391129,9.667658
CH,one_variable_flipped,euroscepticism,CH_euroscepticism_flipped.graphml,100,168,63,0.375000,8.849083
CH,one_variable_flipped,gender_inequality,CH_gender_inequality_flipped.graphml,103,196,72,0.367347,9.079558
CH,one_variable_flipped,left_right_identification,CH_left_right_identification_flipped.graphml,96,158,43,0.272152,8.141715
CH,one_variable_flipped,welfare_chauvinism,CH_welfare_chauvinism_flipped.graphml,104,187,67,0.358289,8.615922
CH,original,,CH.graphml,92,146,43,0.294521,8.090685
CZ,one_variable_flipped,anti_basic_income,CZ_anti_basic_income_flipped.graphml,111,227,100,0.440529,8.972840
CZ,one_variable_flipped,anti_climate_ban_appliances,CZ_anti_climate_ban_appliances_flipped.graphml,112,256,123,0.480469,9.536988
CZ,one_variable_flipped,anti_climate_change_renewables,CZ_anti_climate_change_renewables_flipped.graphml,115,271,121,0.446494,9.504215
CZ,one_variable_flipped,anti_climate_change_taxes,CZ_anti_climate_change_taxes_flipped.graphml,109,218,106,0.486239,9.380509
CZ,one_variable_flipped,anti_economic_interventionism,CZ_anti_economic_interventionism_flipped.graphml,107,203,91,0.448276,8.928780
CZ,one_variable_flipped,anti_egalitarianism,CZ_anti_egalitarianism_flipped.graphml,106,193,90,0.466321,8.836042
CZ,one_variable_flipped,anti_immigration,CZ_anti_immigration_flipped.graphml,117,284,133,0.468310,9.521384
CZ,one_variable_flipped,anti_lgbt,CZ_anti_lgbt_flipped.graphml,111,223,88,0.394619,8.815055
CZ,one_variable_flipped,anti_libertarianism,CZ_anti_libertarianism_flipped.graphml,105,196,82,0.418367,8.798041
CZ,one_variable_flipped,anti_social_benefits_low_income,CZ_anti_social_benefits_low_income_flipped.graphml,105,200,92,0.460000,9.056049
CZ,one_variable_flipped,anti_social_benefits_parents,CZ_anti_social_benefits_parents_flipped.graphml,114,250,113,0.452000,9.306977
CZ,one_variable_flipped,authoritarianism,CZ_authoritarianism_flipped.graphml,111,227,105,0.462555,8.904649
CZ,one_variable_flipped,benefits_harm_economy,CZ_benefits_harm_economy_flipped.graphml,112,242,113,0.466942,9.191921
CZ,one_variable_flipped,benefits_harm_society,CZ_benefits_harm_society_flipped.graphml,117,276,131,0.474638,9.501396
CZ,one_variable_flipped,climate_skepticism,CZ_climate_skepticism_flipped.graphml,107,214,103,0.481308,9.051549
CZ,one_variable_flipped,educational_spending,CZ_educational_spending_flipped.graphml,120,290,139,0.479310,9.523414
CZ,one_variable_flipped,euroscepticism,CZ_euroscepticism_flipped.graphml,107,202,89,0.440594,9.001383
CZ,one_variable_flipped,gender_inequality,CZ_gender_inequality_flipped.graphml,114,243,107,0.440329,9.092834
CZ,one_variable_flipped,left_right_identification,CZ_left_right_identification_flipped.graphml,112,246,118,0.479675,9.521563
CZ,one_variable_flipped,welfare_chauvinism,CZ_welfare_chauvinism_flipped.graphml,110,223,105,0.470852,9.012938
CZ,original,,CZ.graphml,112,244,113,0.463115,9.116196
DE,one_variable_flipped,anti_basic_income,DE_anti_basic_income_flipped.graphml,111,218,70,0.321101,8.127108
DE,one_variable_flipped,anti_climate_ban_appliances,DE_anti_climate_ban_appliances_flipped.graphml,114,258,76,0.294574,8.541218
DE,one_variable_flipped,anti_climate_change_renewables,DE_anti_climate_change_renewables_flipped.graphml,114,241,77,0.319502,8.341806
DE,one_variable_flipped,anti_climate_change_taxes,DE_anti_climate_change_taxes_flipped.graphml,113,240,77,0.320833,8.347432
DE,one_variable_flipped,anti_economic_interventionism,DE_anti_economic_interventionism_flipped.graphml,119,286,86,0.300699,8.670531
DE,one_variable_flipped,anti_egalitarianism,DE_anti_egalitarianism_flipped.graphml,112,241,69,0.286307,8.105588
DE,one_variable_flipped,anti_immigration,DE_anti_immigration_flipped.graphml,116,265,89,0.335849,8.684015
DE,one_variable_flipped,anti_lgbt,DE_anti_lgbt_flipped.graphml,115,245,76,0.310204,8.565127
DE,one_variable_flipped,anti_libertarianism,DE_anti_libertarianism_flipped.graphml,107,199,61,0.306533,8.344188
DE,one_variable_flipped,anti_social_benefits_low_income,DE_anti_social_benefits_low_income_flipped.graphml,101,170,50,0.294118,8.128877
DE,one_variable_flipped,anti_social_benefits_parents,DE_anti_social_benefits_parents_flipped.graphml,110,227,67,0.295154,7.829735
DE,one_variable_flipped,authoritarianism,DE_authoritarianism_flipped.graphml,109,211,59,0.279621,8.330214
DE,one_variable_flipped,benefits_harm_economy,DE_benefits_harm_economy_flipped.graphml,109,202,57,0.282178,8.339118
DE,one_variable_flipped,benefits_harm_society,DE_benefits_harm_society_flipped.graphml,111,217,66,0.304147,8.359368
DE,one_variable_flipped,climate_skepticism,DE_climate_skepticism_flipped.graphml,107,199,56,0.281407,8.211504
DE,one_variable_flipped,educational_spending,DE_educational_spending_flipped.graphml,110,212,58,0.273585,8.401747
DE,one_variable_flipped,euroscepticism,DE_euroscepticism_flipped.graphml,112,237,70,0.295359,8.274400
DE,one_variable_flipped,gender_inequality,DE_gender_inequality_flipped.graphml,107,201,60,0.298507,8.113930
DE,one_variable_flipped,left_right_identification,DE_left_right_identification_flipped.graphml,106,194,52,0.268041,8.196565
DE,one_variable_flipped,welfare_chauvinism,DE_welfare_chauvinism_flipped.graphml,118,278,99,0.356115,8.440547
DE,original,,DE.graphml,114,255,78,0.305882,8.482904
EE,one_variable_flipped,anti_basic_income,EE_anti_basic_income_flipped.graphml,102,184,57,0.309783,7.781508
EE,one_variable_flipped,anti_climate_ban_appliances,EE_anti_climate_ban_appliances_flipped.graphml,89,114,37,0.324561,7.430879
EE,one_variable_flipped,anti_climate_change_renewables,EE_anti_climate_change_renewables_flipped.graphml,115,269,120,0.446097,9.695061
EE,one_variable_flipped,anti_climate_change_taxes,EE_anti_climate_change_taxes_flipped.graphml,98,158,49,0.310127,7.600404
EE,one_variable_flipped,anti_economic_interventionism,EE_anti_economic_interventionism_flipped.graphml,101,170,55,0.323529,7.756011
EE,one_variable_flipped,anti_egalitarianism,EE_anti_egalitarianism_flipped.graphml,89,117,35,0.299145,7.298228
EE,one_variable_flipped,anti_immigration,EE_anti_immigration_flipped.graphml,88,111,35,0.315315,7.619280
EE,one_variable_flipped,anti_lgbt,EE_anti_lgbt_flipped.graphml,91,119,37,0.310924,7.273157
EE,one_variable_flipped,anti_libertarianism,EE_anti_libertarianism_flipped.graphml,94,143,47,0.328671,7.392394
EE,one_variable_flipped,anti_social_benefits_low_income,EE_anti_social_benefits_low_income_flipped.graphml,91,126,41,0.325397,7.288177
EE,one_variable_flipped,anti_social_benefits_parents,EE_anti_social_benefits_parents_flipped.graphml,97,152,52,0.342105,7.590852
EE,one_variable_flipped,authoritarianism,EE_authoritarianism_flipped.graphml,93,137,39,0.284672,7.390576
EE,one_variable_flipped,benefits_harm_economy,EE_benefits_harm_economy_flipped.graphml,95,139,30,0.215827,7.566617
EE,one_variable_flipped,benefits_harm_society,EE_benefits_harm_society_flipped.graphml,97,146,48,0.328767,7.302093
EE,one_variable_flipped,climate_skepticism,EE_climate_skepticism_flipped.graphml,94,148,50,0.337838,7.719117
EE,one_variable_flipped,educational_spending,EE_educational_spending_flipped.graphml,100,174,61,0.350575,7.558307
EE,one_variable_flipped,euroscepticism,EE_euroscepticism_flipped.graphml,86,108,36,0.333333,7.396594
EE,one_variable_flipped,gender_inequality,EE_gender_inequality_flipped.graphml,98,160,57,0.356250,8.015518
EE,one_variable_flipped,left_right_identification,EE_left_right_identification_flipped.graphml,91,124,27,0.217742,7.300153
EE,one_variable_flipped,welfare_chauvinism,EE_welfare_chauvinism_flipped.graphml,89,112,34,0.303571,7.519084
EE,original,,EE.graphml,89,131,37,0.282443,7.435016
ES,one_variable_flipped,anti_basic_income,ES_anti_basic_income_flipped.graphml,98,146,53,0.363014,8.126689
ES,one_variable_flipped,anti_climate_ban_appliances,ES_anti_climate_ban_appliances_flipped.graphml,96,142,51,0.359155,8.122037
ES,one_variable_flipped,anti_climate_change_renewables,ES_anti_climate_change_renewables_flipped.graphml,103,176,61,0.346591,8.646860
ES,one_variable_flipped,anti_climate_change_taxes,ES_anti_climate_change_taxes_flipped.graphml,95,141,42,0.297872,7.754383
ES,one_variable_flipped,anti_economic_interventionism,ES_anti_economic_interventionism_flipped.graphml,85,105,36,0.342857,7.707027
ES,one_variable_flipped,anti_egalitarianism,ES_anti_egalitarianism_flipped.graphml,87,99,23,0.232323,7.645701
ES,one_variable_flipped,anti_immigration,ES_anti_immigration_flipped.graphml,100,163,54,0.331288,8.268639
ES,one_variable_flipped,anti_lgbt,ES_anti_lgbt_flipped.graphml,83,83,17,0.204819,7.806837
ES,one_variable_flipped,anti_libertarianism,ES_anti_libertarianism_flipped.graphml,111,247,113,0.457490,9.635366
ES,one_variable_flipped,anti_social_benefits_low_income,ES_anti_social_benefits_low_income_flipped.graphml,113,260,120,0.461538,9.658227
ES,one_variable_flipped,anti_social_benefits_parents,ES_anti_social_benefits_parents_flipped.graphml,89,112,35,0.312500,7.933752
ES,one_variable_flipped,authoritarianism,ES_authoritarianism_flipped.graphml,87,99,30,0.303030,7.911124
ES,one_variable_flipped,benefits_harm_economy,ES_benefits_harm_economy_flipped.graphml,87,103,23,0.223301,7.670073
ES,one_variable_flipped,benefits_harm_society,ES_benefits_harm_society_flipped.graphml,83,94,31,0.329787,7.701085
ES,one_variable_flipped,climate_skepticism,ES_climate_skepticism_flipped.graphml,92,126,40,0.317460,7.879051
ES,one_variable_flipped,educational_spending,ES_educational_spending_flipped.graphml,90,120,32,0.266667,7.808660
ES,one_variable_flipped,euroscepticism,ES_euroscepticism_flipped.graphml,93,125,41,0.328000,7.800651
ES,one_variable_flipped,gender_inequality,ES_gender_inequality_flipped.graphml,100,160,53,0.331250,7.923074
ES,one_variable_flipped,left_right_identification,ES_left_right_identification_flipped.graphml,84,94,18,0.191489,7.516478
ES,one_variable_flipped,welfare_chauvinism,ES_welfare_chauvinism_flipped.graphml,87,104,30,0.288462,7.662928
ES,original,,ES.graphml,89,105,27,0.257143,7.645629
FI,one_variable_flipped,anti_basic_income,FI_anti_basic_income_flipped.graphml,105,189,52,0.275132,7.970149
FI,one_variable_flipped,anti_climate_ban_appliances,FI_anti_climate_ban_appliances_flipped.graphml,99,164,44,0.268293,7.610335
FI,one_variable_flipped,anti_climate_change_renewables,FI_anti_climate_change_renewables_flipped.graphml,95,137,42,0.306569,7.787888
FI,one_variable_flipped,anti_climate_change_taxes,FI_anti_climate_change_taxes_flipped.graphml,99,167,45,0.269461,7.637762
FI,one_variable_flipped,anti_economic_interventionism,FI_anti_economic_interventionism_flipped.graphml,114,232,82,0.353448,8.318013
FI,one_variable_flipped,anti_egalitarianism,FI_anti_egalitarianism_flipped.graphml,100,161,44,0.273292,7.846726
FI,one_variable_flipped,anti_immigration,FI_anti_immigration_flipped.graphml,100,165,40,0.242424,8.040807
FI,one_variable_flipped,anti_lgbt,FI_anti_lgbt_flipped.graphml,95,153,43,0.281046,7.698065
FI,one_variable_flipped,anti_libertarianism,FI_anti_libertarianism_flipped.graphml,104,190,64,0.336842,8.259641
FI,one_variable_flipped,anti_social_benefits_low_income,FI_anti_social_benefits_low_income_flipped.graphml,105,191,55,0.287958,8.095303
FI,one_variable_flipped,anti_social_benefits_parents,FI_anti_social_benefits_parents_flipped.graphml,108,234,78,0.333333,8.151824
FI,one_variable_flipped,authoritarianism,FI_authoritarianism_flipped.graphml,94,127,32,0.251969,7.495870
FI,one_variable_flipped,benefits_harm_economy,FI_benefits_harm_economy_flipped.graphml,99,155,42,0.270968,7.658042
FI,one_variable_flipped,benefits_harm_society,FI_benefits_harm_society_flipped.graphml,102,179,50,0.279330,7.769125
FI,one_variable_flipped,climate_skepticism,FI_climate_skepticism_flipped.graphml,91,124,37,0.298387,7.420420
FI,one_variable_flipped,educational_spending,FI_educational_spending_flipped.graphml,94,140,35,0.250000,7.545466
FI,one_variable_flipped,euroscepticism,FI_euroscepticism_flipped.graphml,98,156,41,0.262821,7.690220
FI,one_variable_flipped,gender_inequality,FI_gender_inequality_flipped.graphml,98,148,43,0.290541,7.792690
FI,one_variable_flipped,left_right_identification,FI_left_right_identification_flipped.graphml,92,132,34,0.257576,7.576476
FI,one_variable_flipped,welfare_chauvinism,FI_welfare_chauvinism_flipped.graphml,99,165,46,0.278788,7.873829
FI,original,,FI.graphml,100,170,48,0.282353,7.805000
FR,one_variable_flipped,anti_basic_income,FR_anti_basic_income_flipped.graphml,96,150,42,0.280000,7.875939
FR,one_variable_flipped,anti_climate_ban_appliances,FR_anti_climate_ban_appliances_flipped.graphml,93,135,35,0.259259,8.043622
FR,one_variable_flipped,anti_climate_change_renewables,FR_anti_climate_change_renewables_flipped.graphml,104,181,55,0.303867,8.053582
FR,one_variable_flipped,anti_climate_change_taxes,FR_anti_climate_change_taxes_flipped.graphml,101,168,55,0.327381,8.227069
FR,one_variable_flipped,anti_economic_interventionism,FR_anti_economic_interventionism_flipped.graphml,97,158,39,0.246835,8.023036
FR,one_variable_flipped,anti_egalitarianism,FR_anti_egalitarianism_flipped.graphml,100,162,52,0.320988,8.143912
FR,one_variable_flipped,anti_immigration,FR_anti_immigration_flipped.graphml,104,193,49,0.253886,8.011338
FR,one_variable_flipped,anti_lgbt,FR_anti_lgbt_flipped.graphml,107,205,69,0.336585,8.831367
FR,one_variable_flipped,anti_libertarianism,FR_anti_libertarianism_flipped.graphml,100,161,52,0.322981,8.142425
FR,one_variable_flipped,anti_social_benefits_low_income,FR_anti_social_benefits_low_income_flipped.graphml,99,154,41,0.266234,8.036269
FR,one_variable_flipped,anti_social_benefits_parents,FR_anti_social_benefits_parents_flipped.graphml,92,131,38,0.290076,8.058717
FR,one_variable_flipped,authoritarianism,FR_authoritarianism_flipped.graphml,96,145,40,0.275862,8.065053
FR,one_variable_flipped,benefits_harm_economy,FR_benefits_harm_economy_flipped.graphml,92,129,31,0.240310,7.791478
FR,one_variable_flipped,benefits_harm_society,FR_benefits_harm_society_flipped.graphml,102,173,51,0.294798,8.250858
FR,one_variable_flipped,climate_skepticism,FR_climate_skepticism_flipped.graphml,101,172,48,0.279070,8.037981
FR,one_variable_flipped,educational_spending,FR_educational_spending_flipped.graphml,92,132,37,0.280303,7.940996
FR,one_variable_flipped,euroscepticism,FR_euroscepticism_flipped.graphml,106,209,66,0.315789,8.462341
FR,one_variable_flipped,gender_inequality,FR_gender_inequality_flipped.graphml,96,139,44,0.316547,7.942252
FR,one_variable_flipped,left_right_identification,FR_left_right_identification_flipped.graphml,94,147,39,0.265306,7.942918
FR,one_variable_flipped,welfare_chauvinism,FR_welfare_chauvinism_flipped.graphml,99,163,43,0.263804,8.039610
FR,original,,FR.graphml,98,159,39,0.245283,8.015022
GB,one_variable_flipped,anti_basic_income,GB_anti_basic_income_flipped.graphml,113,245,81,0.330612,8.803215
GB,one_variable_flipped,anti_climate_ban_appliances,GB_anti_climate_ban_appliances_flipped.graphml,112,236,70,0.296610,8.714539
GB,one_variable_flipped,anti_climate_change_renewables,GB_anti_climate_change_renewables_flipped.graphml,96,148,42,0.283784,7.923435
GB,one_variable_flipped,anti_climate_change_taxes,GB_anti_climate_change_taxes_flipped.graphml,101,175,49,0.280000,8.158765
GB,one_variable_flipped,anti_economic_interventionism,GB_anti_economic_interventionism_flipped.graphml,93,134,31,0.231343,7.882542
GB,one_variable_flipped,anti_egalitarianism,GB_anti_egalitarianism_flipped.graphml,96,150,39,0.260000,7.921142
GB,one_variable_flipped,anti_immigration,GB_anti_immigration_flipped.graphml,98,160,49,0.306250,8.278231
GB,one_variable_flipped,anti_lgbt,GB_anti_lgbt_flipped.graphml,101,177,47,0.265537,7.978868
GB,one_variable_flipped,anti_libertarianism,GB_anti_libertarianism_flipped.graphml,103,178,52,0.292135,8.202533
GB,one_variable_flipped,anti_social_benefits_low_income,GB_anti_social_benefits_low_income_flipped.graphml,99,165,39,0.236364,8.106123
GB,one_variable_flipped,anti_social_benefits_parents,GB_anti_social_benefits_parents_flipped.graphml,101,175,44,0.251429,8.300276
GB,one_variable_flipped,authoritarianism,GB_authoritarianism_flipped.graphml,101,170,41,0.241176,7.902295
GB,one_variable_flipped,benefits_harm_economy,GB_benefits_harm_economy_flipped.graphml,98,166,37,0.222892,8.116678
GB,one_variable_flipped,benefits_harm_society,GB_benefits_harm_society_flipped.graphml,107,214,77,0.359813,8.808045
GB,one_variable_flipped,climate_skepticism,GB_climate_skepticism_flipped.graphml,99,159,27,0.169811,8.005405
GB,one_variable_flipped,educational_spending,GB_educational_spending_flipped.graphml,113,255,86,0.337255,8.459495
GB,one_variable_flipped,euroscepticism,GB_euroscepticism_flipped.graphml,108,215,66,0.306977,8.155148
GB,one_variable_flipped,gender_inequality,GB_gender_inequality_flipped.graphml,99,153,41,0.267974,8.049663
GB,one_variable_flipped,left_right_identification,GB_left_right_identification_flipped.graphml,102,173,47,0.271676,8.064127
GB,one_variable_flipped,welfare_chauvinism,GB_welfare_chauvinism_flipped.graphml,102,180,50,0.277778,7.990358
GB,original,,GB.graphml,92,131,31,0.236641,7.979958
HU,one_variable_flipped,anti_basic_income,HU_anti_basic_income_flipped.graphml,98,167,68,0.407186,8.952441
HU,one_variable_flipped,anti_climate_ban_appliances,HU_anti_climate_ban_appliances_flipped.graphml,105,210,99,0.471429,9.297121
HU,one_variable_flipped,anti_climate_change_renewables,HU_anti_climate_change_renewables_flipped.graphml,94,144,62,0.430556,8.602265
HU,one_variable_flipped,anti_climate_change_taxes,HU_anti_climate_change_taxes_flipped.graphml,104,197,100,0.507614,9.610601
HU,one_variable_flipped,anti_economic_interventionism,HU_anti_economic_interventionism_flipped.graphml,97,156,69,0.442308,9.185976
HU,one_variable_flipped,anti_egalitarianism,HU_anti_egalitarianism_flipped.graphml,104,204,96,0.470588,9.618676
HU,one_variable_flipped,anti_immigration,HU_anti_immigration_flipped.graphml,97,153,62,0.405229,8.465274
HU,one_variable_flipped,anti_lgbt,HU_anti_lgbt_flipped.graphml,99,171,79,0.461988,9.002652
HU,one_variable_flipped,anti_libertarianism,HU_anti_libertarianism_flipped.graphml,87,97,39,0.402062,8.128254
HU,one_variable_flipped,anti_social_benefits_low_income,HU_anti_social_benefits_low_income_flipped.graphml,103,192,82,0.427083,9.216874
HU,one_variable_flipped,anti_social_benefits_parents,HU_anti_social_benefits_parents_flipped.graphml,95,146,66,0.452055,8.570499
HU,one_variable_flipped,authoritarianism,HU_authoritarianism_flipped.graphml,104,210,100,0.476190,9.571448
HU,one_variable_flipped,benefits_harm_economy,HU_benefits_harm_economy_flipped.graphml,103,192,82,0.427083,9.496520
HU,one_variable_flipped,benefits_harm_society,HU_benefits_harm_society_flipped.graphml,100,174,73,0.419540,9.613628
HU,one_variable_flipped,climate_skepticism,HU_climate_skepticism_flipped.graphml,98,169,74,0.437870,9.085638
HU,one_variable_flipped,educational_spending,HU_educational_spending_flipped.graphml,90,123,60,0.487805,8.441481
HU,one_variable_flipped,euroscepticism,HU_euroscepticism_flipped.graphml,111,238,112,0.470588,9.420905
HU,one_variable_flipped,gender_inequality,HU_gender_inequality_flipped.graphml,94,141,59,0.418440,8.524240
HU,one_variable_flipped,left_right_identification,HU_left_right_identification_flipped.graphml,100,171,76,0.444444,9.168818
HU,one_variable_flipped,welfare_chauvinism,HU_welfare_chauvinism_flipped.graphml,105,207,93,0.449275,9.569383
HU,original,,HU.graphml,97,157,66,0.420382,8.834582
IE,one_variable_flipped,anti_basic_income,IE_anti_basic_income_flipped.graphml,107,190,77,0.405263,8.647381
IE,one_variable_flipped,anti_climate_ban_appliances,IE_anti_climate_ban_appliances_flipped.graphml,108,213,92,0.431925,8.477685
IE,one_variable_flipped,anti_climate_change_renewables,IE_anti_climate_change_renewables_flipped.graphml,106,199,88,0.442211,8.454855
IE,one_variable_flipped,anti_climate_change_taxes,IE_anti_climate_change_taxes_flipped.graphml,107,197,85,0.431472,8.477133
IE,one_variable_flipped,anti_economic_interventionism,IE_anti_economic_interventionism_flipped.graphml,110,228,107,0.469298,8.941253
IE,one_variable_flipped,anti_egalitarianism,IE_anti_egalitarianism_flipped.graphml,102,175,75,0.428571,8.809541
IE,one_variable_flipped,anti_immigration,IE_anti_immigration_flipped.graphml,109,212,90,0.424528,8.583270
IE,one_variable_flipped,anti_lgbt,IE_anti_lgbt_flipped.graphml,102,168,70,0.416667,8.429617
IE,one_variable_flipped,anti_libertarianism,IE_anti_libertarianism_flipped.graphml,111,243,111,0.456790,8.657267
IE,one_variable_flipped,anti_social_benefits_low_income,IE_anti_social_benefits_low_income_flipped.graphml,104,189,80,0.423280,8.259037
IE,one_variable_flipped,anti_social_benefits_parents,IE_anti_social_benefits_parents_flipped.graphml,115,267,128,0.479401,9.667217
IE,one_variable_flipped,authoritarianism,IE_authoritarianism_flipped.graphml,106,193,82,0.424870,8.235806
IE,one_variable_flipped,benefits_harm_economy,IE_benefits_harm_economy_flipped.graphml,106,193,83,0.430052,8.518437
IE,one_variable_flipped,benefits_harm_society,IE_benefits_harm_society_flipped.graphml,112,228,92,0.403509,8.652437
IE,one_variable_flipped,climate_skepticism,IE_climate_skepticism_flipped.graphml,104,183,77,0.420765,8.338464
IE,one_variable_flipped,educational_spending,IE_educational_spending_flipped.graphml,106,194,81,0.417526,8.440802
IE,one_variable_flipped,euroscepticism,IE_euroscepticism_flipped.graphml,116,279,130,0.465950,9.671084
IE,one_variable_flipped,gender_inequality,IE_gender_inequality_flipped.graphml,103,168,68,0.404762,8.505087
IE,one_variable_flipped,left_right_identification,IE_left_right_identification_flipped.graphml,110,213,90,0.422535,8.535251
IE,one_variable_flipped,welfare_chauvinism,IE_welfare_chauvinism_flipped.graphml,105,192,84,0.437500,8.730021
IE,original,,IE.graphml,113,226,96,0.424779,8.582447
IL,one_variable_flipped,anti_basic_income,IL_anti_basic_income_flipped.graphml,101,162,67,0.413580,8.415379
IL,one_variable_flipped,anti_climate_ban_appliances,IL_anti_climate_ban_appliances_flipped.graphml,92,129,48,0.372093,8.190628
IL,one_variable_flipped,anti_climate_change_renewables,IL_anti_climate_change_renewables_flipped.graphml,102,186,70,0.376344,8.359992
IL,one_variable_flipped,anti_climate_change_taxes,IL_anti_climate_change_taxes_flipped.graphml,106,201,73,0.363184,8.735799
IL,one_variable_flipped,anti_economic_interventionism,IL_anti_economic_interventionism_flipped.graphml,100,159,64,0.402516,8.566455
IL,one_variable_flipped,anti_egalitarianism,IL_anti_egalitarianism_flipped.graphml,92,129,50,0.387597,8.041717
IL,one_variable_flipped,anti_immigration,IL_anti_immigration_flipped.graphml,101,172,67,0.389535,8.367718
IL,one_variable_flipped,anti_lgbt,IL_anti_lgbt_flipped.graphml,99,168,71,0.422619,8.732398
IL,one_variable_flipped,anti_libertarianism,IL_anti_libertarianism_flipped.graphml,107,205,77,0.375610,8.817239
IL,one_variable_flipped,anti_social_benefits_low_income,IL_anti_social_benefits_low_income_flipped.graphml,103,183,73,0.398907,8.905824
IL,one_variable_flipped,anti_social_benefits_parents,IL_anti_social_benefits_parents_flipped.graphml,103,175,62,0.354286,8.346755
IL,one_variable_flipped,authoritarianism,IL_authoritarianism_flipped.graphml,98,160,56,0.350000,8.222216
IL,one_variable_flipped,benefits_harm_economy,IL_benefits_harm_economy_flipped.graphml,109,229,94,0.410480,9.150112
IL,one_variable_flipped,benefits_harm_society,IL_benefits_harm_society_flipped.graphml,98,152,58,0.381579,8.458808
IL,one_variable_flipped,climate_skepticism,IL_climate_skepticism_flipped.graphml,104,184,65,0.353261,8.397590
IL,one_variable_flipped,educational_spending,IL_educational_spending_flipped.graphml,104,199,81,0.407035,8.596821
IL,one_variable_flipped,euroscepticism,IL_euroscepticism_flipped.graphml,100,174,64,0.367816,8.262108
IL,one_variable_flipped,gender_inequality,IL_gender_inequality_flipped.graphml,102,185,66,0.356757,8.485102
IL,one_variable_flipped,left_right_identification,IL_left_right_identification_flipped.graphml,99,164,56,0.341463,8.287425
IL,one_variable_flipped,welfare_chauvinism,IL_welfare_chauvinism_flipped.graphml,101,174,65,0.373563,8.272286
IL,original,,IL.graphml,98,151,51,0.337748,8.256917
IS,one_variable_flipped,anti_basic_income,IS_anti_basic_income_flipped.graphml,86,103,27,0.262136,7.830053
IS,one_variable_flipped,anti_climate_ban_appliances,IS_anti_climate_ban_appliances_flipped.graphml,75,73,17,0.232877,7.512860
IS,one_variable_flipped,anti_climate_change_renewables,IS_anti_climate_change_renewables_flipped.graphml,94,136,51,0.375000,8.679905
IS,one_variable_flipped,anti_climate_change_taxes,IS_anti_climate_change_taxes_flipped.graphml,84,114,39,0.342105,8.317114
IS,one_variable_flipped,anti_economic_interventionism,IS_anti_economic_interventionism_flipped.graphml,93,149,55,0.369128,9.129317
IS,one_variable_flipped,anti_egalitarianism,IS_anti_egalitarianism_flipped.graphml,80,98,26,0.265306,7.669943
IS,one_variable_flipped,anti_immigration,IS_anti_immigration_flipped.graphml,109,232,92,0.396552,9.509683
IS,one_variable_flipped,anti_lgbt,IS_anti_lgbt_flipped.graphml,100,180,71,0.394444,9.508736
IS,one_variable_flipped,anti_libertarianism,IS_anti_libertarianism_flipped.graphml,78,88,25,0.284091,7.680810
IS,one_variable_flipped,anti_social_benefits_low_income,IS_anti_social_benefits_low_income_flipped.graphml,76,81,18,0.222222,7.826795
IS,one_variable_flipped,anti_social_benefits_parents,IS_anti_social_benefits_parents_flipped.graphml,77,81,18,0.222222,7.749302
IS,one_variable_flipped,authoritarianism,IS_authoritarianism_flipped.graphml,74,71,23,0.323944,7.556885
IS,one_variable_flipped,benefits_harm_economy,IS_benefits_harm_economy_flipped.graphml,77,66,13,0.196970,7.581735
IS,one_variable_flipped,benefits_harm_society,IS_benefits_harm_society_flipped.graphml,82,102,20,0.196078,7.720474
IS,one_variable_flipped,climate_skepticism,IS_climate_skepticism_flipped.graphml,87,116,44,0.379310,9.019588
IS,one_variable_flipped,educational_spending,IS_educational_spending_flipped.graphml,74,69,15,0.217391,7.682005
IS,one_variable_flipped,euroscepticism,IS_euroscepticism_flipped.graphml,80,78,22,0.282051,7.735739
IS,one_variable_flipped,gender_inequality,IS_gender_inequality_flipped.graphml,91,138,40,0.289855,8.171345
IS,one_variable_flipped,left_right_identification,IS_left_right_identification_flipped.graphml,79,87,24,0.275862,7.644004
IS,one_variable_flipped,welfare_chauvinism,IS_welfare_chauvinism_flipped.graphml,83,95,21,0.221053,7.739247
IS,original,,IS.graphml,94,144,44,0.305556,8.554304
IT,one_variable_flipped,anti_basic_income,IT_anti_basic_income_flipped.graphml,97,155,60,0.387097,8.247826
IT,one_variable_flipped,anti_climate_ban_appliances,IT_anti_climate_ban_appliances_flipped.graphml,97,159,61,0.383648,8.315211
IT,one_variable_flipped,anti_climate_change_renewables,IT_anti_climate_change_renewables_flipped.graphml,100,166,64,0.385542,8.726595
IT,one_variable_flipped,anti_climate_change_taxes,IT_anti_climate_change_taxes_flipped.graphml,93,138,44,0.318841,8.038953
IT,one_variable_flipped,anti_economic_interventionism,IT_anti_economic_interventionism_flipped.graphml,96,145,50,0.344828,8.124463
IT,one_variable_flipped,anti_egalitarianism,IT_anti_egalitarianism_flipped.graphml,93,131,45,0.343511,8.029703
IT,one_variable_flipped,anti_immigration,IT_anti_immigration_flipped.graphml,102,176,64,0.363636,8.791369
IT,one_variable_flipped,anti_lgbt,IT_anti_lgbt_flipped.graphml,91,117,40,0.341880,7.912959
IT,one_variable_flipped,anti_libertarianism,IT_anti_libertarianism_flipped.graphml,98,158,57,0.360759,8.299080
IT,one_variable_flipped,anti_social_benefits_low_income,IT_anti_social_benefits_low_income_flipped.graphml,109,225,95,0.422222,9.688589
IT,one_variable_flipped,anti_social_benefits_parents,IT_anti_social_benefits_parents_flipped.graphml,93,125,40,0.320000,8.163229
IT,one_variable_flipped,authoritarianism,IT_authoritarianism_flipped.graphml,91,120,42,0.350000,8.110312
IT,one_variable_flipped,benefits_harm_economy,IT_benefits_harm_economy_flipped.graphml,97,153,56,0.366013,8.303432
IT,one_variable_flipped,benefits_harm_society,IT_benefits_harm_society_flipped.graphml,95,148,53,0.358108,8.169112
IT,one_variable_flipped,climate_skepticism,IT_climate_skepticism_flipped.graphml,114,250,101,0.404000,9.659753
IT,one_variable_flipped,educational_spending,IT_educational_spending_flipped.graphml,99,161,62,0.385093,8.335969
IT,one_variable_flipped,euroscepticism,IT_euroscepticism_flipped.graphml,106,188,64,0.340426,8.619322
IT,one_variable_flipped,gender_inequality,IT_gender_inequality_flipped.graphml,111,241,106,0.439834,9.668842
IT,one_variable_flipped,left_right_identification,IT_left_right_identification_flipped.graphml,111,239,105,0.439331,9.670124
IT,one_variable_flipped,welfare_chauvinism,IT_welfare_chauvinism_flipped.graphml,99,155,55,0.354839,8.354927
IT,original,,IT.graphml,108,217,86,0.396313,8.637279
LT,one_variable_flipped,anti_basic_income,LT_anti_basic_income_flipped.graphml,79,92,41,0.445652,8.708233
LT,one_variable_flipped,anti_climate_ban_appliances,LT_anti_climate_ban_appliances_flipped.graphml,92,138,66,0.478261,9.363167
LT,one_variable_flipped,anti_climate_change_renewables,LT_anti_climate_change_renewables_flipped.graphml,91,130,59,0.453846,9.259400
LT,one_variable_flipped,anti_climate_change_taxes,LT_anti_climate_change_taxes_flipped.graphml,82,100,46,0.460000,8.819404
LT,one_variable_flipped,anti_economic_interventionism,LT_anti_economic_interventionism_flipped.graphml,88,133,60,0.451128,8.960288
LT,one_variable_flipped,anti_egalitarianism,LT_anti_egalitarianism_flipped.graphml,80,93,42,0.451613,8.825096
LT,one_variable_flipped,anti_immigration,LT_anti_immigration_flipped.graphml,82,104,46,0.442308,8.777568
LT,one_variable_flipped,anti_lgbt,LT_anti_lgbt_flipped.graphml,87,118,57,0.483051,9.244378
LT,one_variable_flipped,anti_libertarianism,LT_anti_libertarianism_flipped.graphml,90,134,67,0.500000,9.082548
LT,one_variable_flipped,anti_social_benefits_low_income,LT_anti_social_benefits_low_income_flipped.graphml,82,94,43,0.457447,8.521725
LT,one_variable_flipped,anti_social_benefits_parents,LT_anti_social_benefits_parents_flipped.graphml,81,92,39,0.423913,8.691882
LT,one_variable_flipped,authoritarianism,LT_authoritarianism_flipped.graphml,82,105,44,0.419048,8.779055
LT,one_variable_flipped,benefits_harm_economy,LT_benefits_harm_economy_flipped.graphml,80,84,40,0.476190,8.589328
LT,one_variable_flipped,benefits_harm_society,LT_benefits_harm_society_flipped.graphml,86,112,53,0.473214,9.013235
LT,one_variable_flipped,climate_skepticism,LT_climate_skepticism_flipped.graphml,81,91,39,0.428571,8.802604
LT,one_variable_flipped,educational_spending,LT_educational_spending_flipped.graphml,80,89,43,0.483146,8.708760
LT,one_variable_flipped,euroscepticism,LT_euroscepticism_flipped.graphml,89,125,61,0.488000,9.643184
LT,one_variable_flipped,gender_inequality,LT_gender_inequality_flipped.graphml,86,101,50,0.495050,9.140352
LT,one_variable_flipped,left_right_identification,LT_left_right_identification_flipped.graphml,78,86,38,0.441860,8.625442
LT,one_variable_flipped,welfare_chauvinism,LT_welfare_chauvinism_flipped.graphml,79,85,35,0.411765,8.528145
LT,original,,LT.graphml,80,99,41,0.414141,8.813070
NL,one_variable_flipped,anti_basic_income,NL_anti_basic_income_flipped.graphml,89,123,32,0.260163,7.805509
NL,one_variable_flipped,anti_climate_ban_appliances,NL_anti_climate_ban_appliances_flipped.graphml,81,93,23,0.247312,7.361765
NL,one_variable_flipped,anti_climate_change_renewables,NL_anti_climate_change_renewables_flipped.graphml,91,121,27,0.223140,7.422034
NL,one_variable_flipped,anti_climate_change_taxes,NL_anti_climate_change_taxes_flipped.graphml,91,118,35,0.296610,7.540716
NL,one_variable_flipped,anti_economic_interventionism,NL_anti_economic_interventionism_flipped.graphml,83,96,19,0.197917,7.442794
NL,one_variable_flipped,anti_egalitarianism,NL_anti_egalitarianism_flipped.graphml,87,110,24,0.218182,7.432181
NL,one_variable_flipped,anti_immigration,NL_anti_immigration_flipped.graphml,112,265,115,0.433962,9.545906
NL,one_variable_flipped,anti_lgbt,NL_anti_lgbt_flipped.graphml,86,106,25,0.235849,7.486262
NL,one_variable_flipped,anti_libertarianism,NL_anti_libertarianism_flipped.graphml,92,129,33,0.255814,7.625392
NL,one_variable_flipped,anti_social_benefits_low_income,NL_anti_social_benefits_low_income_flipped.graphml,84,96,27,0.281250,7.653940
NL,one_variable_flipped,anti_social_benefits_parents,NL_anti_social_benefits_parents_flipped.graphml,95,162,63,0.388889,8.486872
NL,one_variable_flipped,authoritarianism,NL_authoritarianism_flipped.graphml,86,102,32,0.313725,7.628943
NL,one_variable_flipped,benefits_harm_economy,NL_benefits_harm_economy_flipped.graphml,90,124,40,0.322581,7.805296
NL,one_variable_flipped,benefits_harm_society,NL_benefits_harm_society_flipped.graphml,85,96,30,0.312500,7.489729
NL,one_variable_flipped,climate_skepticism,NL_climate_skepticism_flipped.graphml,86,112,34,0.303571,7.576711
NL,one_variable_flipped,educational_spending,NL_educational_spending_flipped.graphml,102,195,70,0.358974,8.704204
NL,one_variable_flipped,euroscepticism,NL_euroscepticism_flipped.graphml,98,161,52,0.322981,7.790426
NL,one_variable_flipped,gender_inequality,NL_gender_inequality_flipped.graphml,83,98,29,0.295918,7.437583
NL,one_variable_flipped,left_right_identification,NL_left_right_identification_flipped.graphml,85,108,35,0.324074,7.499971
NL,one_variable_flipped,welfare_chauvinism,NL_welfare_chauvinism_flipped.graphml,89,123,30,0.243902,7.660788
NL,original,,NL.graphml,90,118,31,0.262712,7.487385
NO,one_variable_flipped,anti_basic_income,NO_anti_basic_income_flipped.graphml,97,147,44,0.299320,7.500161
NO,one_variable_flipped,anti_climate_ban_appliances,NO_anti_climate_ban_appliances_flipped.graphml,116,283,116,0.409894,9.650997
NO,one_variable_flipped,anti_climate_change_renewables,NO_anti_climate_change_renewables_flipped.graphml,103,199,57,0.286432,7.854820
NO,one_variable_flipped,anti_climate_change_taxes,NO_anti_climate_change_taxes_flipped.graphml,93,141,35,0.248227,7.455031
NO,one_variable_flipped,anti_economic_interventionism,NO_anti_economic_interventionism_flipped.graphml,97,161,39,0.242236,7.541298
NO,one_variable_flipped,anti_egalitarianism,NO_anti_egalitarianism_flipped.graphml,97,157,47,0.299363,7.621907
NO,one_variable_flipped,anti_immigration,NO_anti_immigration_flipped.graphml,97,152,38,0.250000,7.448783
NO,one_variable_flipped,anti_lgbt,NO_anti_lgbt_flipped.graphml,94,139,37,0.266187,7.542097
NO,one_variable_flipped,anti_libertarianism,NO_anti_libertarianism_flipped.graphml,103,186,53,0.284946,7.804822
NO,one_variable_flipped,anti_social_benefits_low_income,NO_anti_social_benefits_low_income_flipped.graphml,97,164,38,0.231707,7.948512
NO,one_variable_flipped,anti_social_benefits_parents,NO_anti_social_benefits_parents_flipped.graphml,97,149,50,0.335570,7.981876
NO,one_variable_flipped,authoritarianism,NO_authoritarianism_flipped.graphml,93,141,32,0.226950,7.437234
NO,one_variable_flipped,benefits_harm_economy,NO_benefits_harm_economy_flipped.graphml,116,250,94,0.376000,8.883148
NO,one_variable_flipped,benefits_harm_society,NO_benefits_harm_society_flipped.graphml,95,150,40,0.266667,7.489077
NO,one_variable_flipped,climate_skepticism,NO_climate_skepticism_flipped.graphml,95,149,38,0.255034,7.608732
NO,one_variable_flipped,educational_spending,NO_educational_spending_flipped.graphml,113,243,77,0.316872,8.193013
NO,one_variable_flipped,euroscepticism,NO_euroscepticism_flipped.graphml,101,184,52,0.282609,8.340420
NO,one_variable_flipped,gender_inequality,NO_gender_inequality_flipped.graphml,95,165,54,0.327273,7.951358
NO,one_variable_flipped,left_right_identification,NO_left_right_identification_flipped.graphml,101,170,54,0.317647,8.562603
NO,one_variable_flipped,welfare_chauvinism,NO_welfare_chauvinism_flipped.graphml,121,311,121,0.389068,9.673146
NO,original,,NO.graphml,99,176,60,0.340909,7.941054
PL,one_variable_flipped,anti_basic_income,PL_anti_basic_income_flipped.graphml,101,173,80,0.462428,8.799620
PL,one_variable_flipped,anti_climate_ban_appliances,PL_anti_climate_ban_appliances_flipped.graphml,102,180,68,0.377778,8.241698
PL,one_variable_flipped,anti_climate_change_renewables,PL_anti_climate_change_renewables_flipped.graphml,79,94,37,0.393617,7.604671
PL,one_variable_flipped,anti_climate_change_taxes,PL_anti_climate_change_taxes_flipped.graphml,97,152,57,0.375000,7.983906
PL,one_variable_flipped,anti_economic_interventionism,PL_anti_economic_interventionism_flipped.graphml,115,254,123,0.484252,9.699767
PL,one_variable_flipped,anti_egalitarianism,PL_anti_egalitarianism_flipped.graphml,88,121,45,0.371901,7.754166
PL,one_variable_flipped,anti_immigration,PL_anti_immigration_flipped.graphml,93,140,54,0.385714,8.159327
PL,one_variable_flipped,anti_lgbt,PL_anti_lgbt_flipped.graphml,80,88,33,0.375000,7.643217
PL,one_variable_flipped,anti_libertarianism,PL_anti_libertarianism_flipped.graphml,88,119,47,0.394958,7.707864
PL,one_variable_flipped,anti_social_benefits_low_income,PL_anti_social_benefits_low_income_flipped.graphml,99,165,78,0.472727,8.319576
PL,one_variable_flipped,anti_social_benefits_parents,PL_anti_social_benefits_parents_flipped.graphml,100,175,83,0.474286,8.594607
PL,one_variable_flipped,authoritarianism,PL_authoritarianism_flipped.graphml,96,149,56,0.375839,8.201424
PL,one_variable_flipped,benefits_harm_economy,PL_benefits_harm_economy_flipped.graphml,84,111,50,0.450450,7.559746
PL,one_variable_flipped,benefits_harm_society,PL_benefits_harm_society_flipped.graphml,91,132,54,0.409091,7.885068
PL,one_variable_flipped,climate_skepticism,PL_climate_skepticism_flipped.graphml,101,172,75,0.436047,8.782578
PL,one_variable_flipped,educational_spending,PL_educational_spending_flipped.graphml,99,161,73,0.453416,8.597789
PL,one_variable_flipped,euroscepticism,PL_euroscepticism_flipped.graphml,86,111,35,0.315315,7.698530
PL,one_variable_flipped,gender_inequality,PL_gender_inequality_flipped.graphml,110,226,111,0.491150,9.657700
PL,one_variable_flipped,left_right_identification,PL_left_right_identification_flipped.graphml,101,167,73,0.437126,8.687470
PL,one_variable_flipped,welfare_chauvinism,PL_welfare_chauvinism_flipped.graphml,85,106,36,0.339623,7.636949
PL,original,,PL.graphml,90,120,41,0.341667,7.869564
PT,one_variable_flipped,anti_basic_income,PT_anti_basic_income_flipped.graphml,94,129,51,0.395349,7.468445
PT,one_variable_flipped,anti_climate_ban_appliances,PT_anti_climate_ban_appliances_flipped.graphml,90,108,40,0.370370,7.171624
PT,one_variable_flipped,anti_climate_change_renewables,PT_anti_climate_change_renewables_flipped.graphml,115,271,132,0.487085,9.582816
PT,one_variable_flipped,anti_climate_change_taxes,PT_anti_climate_change_taxes_flipped.graphml,80,72,26,0.361111,7.138586
PT,one_variable_flipped,anti_economic_interventionism,PT_anti_economic_interventionism_flipped.graphml,83,79,25,0.316456,6.931573
PT,one_variable_flipped,anti_egalitarianism,PT_anti_egalitarianism_flipped.graphml,86,112,56,0.500000,7.269894
PT,one_variable_flipped,anti_immigration,PT_anti_immigration_flipped.graphml,87,103,38,0.368932,7.195227
PT,one_variable_flipped,anti_lgbt,PT_anti_lgbt_flipped.graphml,88,106,43,0.405660,6.985997
PT,one_variable_flipped,anti_libertarianism,PT_anti_libertarianism_flipped.graphml,109,220,108,0.490909,8.760471
PT,one_variable_flipped,anti_social_benefits_low_income,PT_anti_social_benefits_low_income_flipped.graphml,89,108,36,0.333333,7.519484
PT,one_variable_flipped,anti_social_benefits_parents,PT_anti_social_benefits_parents_flipped.graphml,114,260,127,0.488462,9.559032
PT,one_variable_flipped,authoritarianism,PT_authoritarianism_flipped.graphml,85,83,29,0.349398,7.096349
PT,one_variable_flipped,benefits_harm_economy,PT_benefits_harm_economy_flipped.graphml,97,139,62,0.446043,8.157745
PT,one_variable_flipped,benefits_harm_society,PT_benefits_harm_society_flipped.graphml,103,170,73,0.429412,8.154369
PT,one_variable_flipped,climate_skepticism,PT_climate_skepticism_flipped.graphml,99,145,51,0.351724,7.645058
PT,one_variable_flipped,educational_spending,PT_educational_spending_flipped.graphml,91,117,43,0.367521,7.398708
PT,one_variable_flipped,euroscepticism,PT_euroscepticism_flipped.graphml,87,102,37,0.362745,7.257173
PT,one_variable_flipped,gender_inequality,PT_gender_inequality_flipped.graphml,89,110,37,0.336364,7.259231
PT,one_variable_flipped,left_right_identification,PT_left_right_identification_flipped.graphml,115,252,123,0.488095,8.826388
PT,one_variable_flipped,welfare_chauvinism,PT_welfare_chauvinism_flipped.graphml,94,125,56,0.448000,7.634608
PT,original,,PT.graphml,89,110,39,0.354545,7.044105
RU,one_variable_flipped,anti_basic_income,RU_anti_basic_income_flipped.graphml,97,170,85,0.500000,8.540327
RU,one_variable_flipped,anti_climate_ban_appliances,RU_anti_climate_ban_appliances_flipped.graphml,100,182,83,0.456044,8.381601
RU,one_variable_flipped,anti_climate_change_renewables,RU_anti_climate_change_renewables_flipped.graphml,109,232,109,0.469828,8.951000
RU,one_variable_flipped,anti_climate_change_taxes,RU_anti_climate_change_taxes_flipped.graphml,95,148,70,0.472973,8.224505
RU,one_variable_flipped,anti_economic_interventionism,RU_anti_economic_interventionism_flipped.graphml,101,188,84,0.446809,8.292276
RU,one_variable_flipped,anti_egalitarianism,RU_anti_egalitarianism_flipped.graphml,94,143,63,0.440559,8.311484
RU,one_variable_flipped,anti_immigration,RU_anti_immigration_flipped.graphml,98,167,76,0.455090,8.384323
RU,one_variable_flipped,anti_lgbt,RU_anti_lgbt_flipped.graphml,97,169,75,0.443787,7.942369
RU,one_variable_flipped,anti_libertarianism,RU_anti_libertarianism_flipped.graphml,103,193,91,0.471503,8.393763
RU,one_variable_flipped,anti_social_benefits_low_income,RU_anti_social_benefits_low_income_flipped.graphml,106,215,108,0.502326,9.075543
RU,one_variable_flipped,anti_social_benefits_parents,RU_anti_social_benefits_parents_flipped.graphml,98,165,81,0.490909,8.336224
RU,one_variable_flipped,authoritarianism,RU_authoritarianism_flipped.graphml,89,133,62,0.466165,7.865295
RU,one_variable_flipped,benefits_harm_economy,RU_benefits_harm_economy_flipped.graphml,98,172,79,0.459302,8.173162
RU,one_variable_flipped,benefits_harm_society,RU_benefits_harm_society_flipped.graphml,100,181,82,0.453039,8.240870
RU,one_variable_flipped,climate_skepticism,RU_climate_skepticism_flipped.graphml,98,168,80,0.476190,8.450996
RU,one_variable_flipped,educational_spending,RU_educational_spending_flipped.graphml,99,172,79,0.459302,8.302963
RU,one_variable_flipped,euroscepticism,RU_euroscepticism_flipped.graphml,99,172,82,0.476744,8.279685
RU,one_variable_flipped,gender_inequality,RU_gender_inequality_flipped.graphml,100,188,86,0.457447,8.252661
RU,one_variable_flipped,left_right_identification,RU_left_right_identification_flipped.graphml,96,155,68,0.438710,8.198239
RU,one_variable_flipped,welfare_chauvinism,RU_welfare_chauvinism_flipped.graphml,95,153,67,0.437908,8.187965
RU,original,,RU.graphml,97,172,87,0.505814,8.536335
SE,one_variable_flipped,anti_basic_income,SE_anti_basic_income_flipped.graphml,102,185,68,0.367568,8.678393
SE,one_variable_flipped,anti_climate_ban_appliances,SE_anti_climate_ban_appliances_flipped.graphml,94,141,45,0.319149,8.078622
SE,one_variable_flipped,anti_climate_change_renewables,SE_anti_climate_change_renewables_flipped.graphml,99,175,65,0.371429,8.487202
SE,one_variable_flipped,anti_climate_change_taxes,SE_anti_climate_change_taxes_flipped.graphml,96,156,49,0.314103,8.439715
SE,one_variable_flipped,anti_economic_interventionism,SE_anti_economic_interventionism_flipped.graphml,106,216,88,0.407407,9.525959
SE,one_variable_flipped,anti_egalitarianism,SE_anti_egalitarianism_flipped.graphml,97,163,55,0.337423,8.381380
SE,one_variable_flipped,anti_immigration,SE_anti_immigration_flipped.graphml,95,149,50,0.335570,8.405922
SE,one_variable_flipped,anti_lgbt,SE_anti_lgbt_flipped.graphml,92,131,48,0.366412,8.400869
SE,one_variable_flipped,anti_libertarianism,SE_anti_libertarianism_flipped.graphml,99,169,56,0.331361,8.384782
SE,one_variable_flipped,anti_social_benefits_low_income,SE_anti_social_benefits_low_income_flipped.graphml,95,142,45,0.316901,8.243515
SE,one_variable_flipped,anti_social_benefits_parents,SE_anti_social_benefits_parents_flipped.graphml,104,200,82,0.410000,9.531934
SE,one_variable_flipped,authoritarianism,SE_authoritarianism_flipped.graphml,88,114,39,0.342105,8.581498
SE,one_variable_flipped,benefits_harm_economy,SE_benefits_harm_economy_flipped.graphml,111,246,99,0.402439,9.494319
SE,one_variable_flipped,benefits_harm_society,SE_benefits_harm_society_flipped.graphml,108,232,95,0.409483,9.484969
SE,one_variable_flipped,climate_skepticism,SE_climate_skepticism_flipped.graphml,99,157,54,0.343949,8.506119
SE,one_variable_flipped,educational_spending,SE_educational_spending_flipped.graphml,92,135,37,0.274074,8.020106
SE,one_variable_flipped,euroscepticism,SE_euroscepticism_flipped.graphml,88,113,37,0.327434,7.975143
SE,one_variable_flipped,gender_inequality,SE_gender_inequality_flipped.graphml,105,214,88,0.411215,9.495153
SE,one_variable_flipped,left_right_identification,SE_left_right_identification_flipped.graphml,107,208,74,0.355769,8.756303
SE,one_variable_flipped,welfare_chauvinism,SE_welfare_chauvinism_flipped.graphml,97,153,50,0.326797,8.233339
SE,original,,SE.graphml,97,150,50,0.333333,8.029135
SI,one_variable_flipped,anti_basic_income,SI_anti_basic_income_flipped.graphml,115,269,135,0.501859,9.564901
SI,one_variable_flipped,anti_climate_ban_appliances,SI_anti_climate_ban_appliances_flipped.graphml,101,196,85,0.433673,8.319260
SI,one_variable_flipped,anti_climate_change_renewables,SI_anti_climate_change_renewables_flipped.graphml,94,145,56,0.386207,7.245918
SI,one_variable_flipped,anti_climate_change_taxes,SI_anti_climate_change_taxes_flipped.graphml,99,172,81,0.470930,7.879223
SI,one_variable_flipped,anti_economic_interventionism,SI_anti_economic_interventionism_flipped.graphml,91,124,50,0.403226,7.219412
SI,one_variable_flipped,anti_egalitarianism,SI_anti_egalitarianism_flipped.graphml,102,193,87,0.450777,7.463582
SI,one_variable_flipped,anti_immigration,SI_anti_immigration_flipped.graphml,92,130,46,0.353846,6.842087
SI,one_variable_flipped,anti_lgbt,SI_anti_lgbt_flipped.graphml,101,169,73,0.431953,8.042950
SI,one_variable_flipped,anti_libertarianism,SI_anti_libertarianism_flipped.graphml,109,219,105,0.479452,9.255964
SI,one_variable_flipped,anti_social_benefits_low_income,SI_anti_social_benefits_low_income_flipped.graphml,86,103,36,0.349515,6.895156
SI,one_variable_flipped,anti_social_benefits_parents,SI_anti_social_benefits_parents_flipped.graphml,86,113,48,0.424779,7.153585
SI,one_variable_flipped,authoritarianism,SI_authoritarianism_flipped.graphml,94,136,55,0.404412,7.504029
SI,one_variable_flipped,benefits_harm_economy,SI_benefits_harm_economy_flipped.graphml,88,125,51,0.408000,7.225879
SI,one_variable_flipped,benefits_harm_society,SI_benefits_harm_society_flipped.graphml,94,142,57,0.401408,7.491683
SI,one_variable_flipped,climate_skepticism,SI_climate_skepticism_flipped.graphml,112,247,111,0.449393,8.614130
SI,one_variable_flipped,educational_spending,SI_educational_spending_flipped.graphml,97,162,79,0.487654,8.041040
SI,one_variable_flipped,euroscepticism,SI_euroscepticism_flipped.graphml,100,181,84,0.464088,8.428827
SI,one_variable_flipped,gender_inequality,SI_gender_inequality_flipped.graphml,87,110,35,0.318182,7.244993
SI,one_variable_flipped,left_right_identification,SI_left_right_identification_flipped.graphml,85,94,36,0.382979,6.944305
SI,one_variable_flipped,welfare_chauvinism,SI_welfare_chauvinism_flipped.graphml,101,171,78,0.456140,7.757804
SI,original,,SI.graphml,92,133,59,0.443609,7.429018
