country,sample,file_name,total_triangles,three_negative_edges,ratio_three_negative,two_positive_one_negative,ratio_two_positive_one_negative,imbalanced_triangles,ratio_imbalanced,three_negative_absolute_weight_sum,two_positive_one_negative_absolute_weight_sum,imbalanced_absolute_weight_sum,three_negative_onnela_intensity_sum,two_positive_one_negative_onnela_intensity_sum,imbalanced_onnela_intensity_sum
AT,anti_basic_income,AT_anti_basic_income_flipped.graphml,124,4,0.032,29,0.234,33,0.266,0.900,8.152,9.052,0.248,2.390,2.638
AT,anti_climate_ban_appliances,AT_anti_climate_ban_appliances_flipped.graphml,136,2,0.015,39,0.287,41,0.301,0.369,10.170,10.540,0.105,3.001,3.106
AT,anti_climate_change_renewables,AT_anti_climate_change_renewables_flipped.graphml,116,2,0.017,34,0.293,36,0.310,0.596,8.884,9.480,0.172,2.672,2.845
AT,anti_climate_change_taxes,AT_anti_climate_change_taxes_flipped.graphml,135,4,0.030,30,0.222,34,0.252,1.086,7.080,8.165,0.323,2.128,2.451
AT,anti_economic_interventionism,AT_anti_economic_interventionism_flipped.graphml,103,4,0.039,20,0.194,24,0.233,1.185,6.080,7.265,0.341,1.787,2.128
AT,anti_egalitarianism,AT_anti_egalitarianism_flipped.graphml,110,6,0.055,20,0.182,26,0.236,1.690,5.542,7.232,0.512,1.679,2.192
AT,anti_immigration,AT_anti_immigration_flipped.graphml,132,7,0.053,33,0.250,40,0.303,1.348,8.400,9.748,0.404,2.521,2.925
AT,anti_lgbt,AT_anti_lgbt_flipped.graphml,149,7,0.047,36,0.242,43,0.289,1.659,8.813,10.472,0.493,2.546,3.039
AT,anti_libertarianism,AT_anti_libertarianism_flipped.graphml,112,1,0.009,24,0.214,25,0.223,0.183,6.902,7.086,0.055,2.029,2.084
AT,anti_social_benefits_low_income,AT_anti_social_benefits_low_income_flipped.graphml,114,0,0.000,30,0.263,30,0.263,0.000,8.118,8.118,0.000,2.449,2.449
AT,anti_social_benefits_parents,AT_anti_social_benefits_parents_flipped.graphml,131,6,0.046,31,0.237,37,0.282,1.576,8.357,9.933,0.453,2.426,2.878
AT,authoritarianism,AT_authoritarianism_flipped.graphml,106,1,0.009,23,0.217,24,0.226,0.195,6.759,6.954,0.053,2.014,2.068
AT,benefits_harm_economy,AT_benefits_harm_economy_flipped.graphml,138,5,0.036,45,0.326,50,0.362,1.252,11.143,12.394,0.365,3.374,3.739
AT,benefits_harm_society,AT_benefits_harm_society_flipped.graphml,136,3,0.022,34,0.250,37,0.272,0.599,9.193,9.792,0.153,2.759,2.912
AT,climate_skepticism,AT_climate_skepticism_flipped.graphml,106,1,0.009,27,0.255,28,0.264,0.297,7.578,7.875,0.077,2.299,2.377
AT,educational_spending,AT_educational_spending_flipped.graphml,189,2,0.011,61,0.323,63,0.333,0.398,15.144,15.542,0.129,4.608,4.736
AT,euroscepticism,AT_euroscepticism_flipped.graphml,133,2,0.015,33,0.248,35,0.263,0.429,8.245,8.674,0.125,2.483,2.607
AT,gender_inequality,AT_gender_inequality_flipped.graphml,110,1,0.009,26,0.236,27,0.245,0.253,7.542,7.795,0.071,2.255,2.326
AT,left_right_identification,AT_left_right_identification_flipped.graphml,125,10,0.080,25,0.200,35,0.280,2.016,7.078,9.095,0.596,2.116,2.713
AT,welfare_chauvinism,AT_welfare_chauvinism_flipped.graphml,134,5,0.037,34,0.254,39,0.291,0.922,8.848,9.771,0.278,2.645,2.923
BE,anti_basic_income,BE_anti_basic_income_flipped.graphml,197,7,0.036,56,0.284,63,0.320,1.560,11.434,12.995,0.501,3.468,3.969
BE,anti_climate_ban_appliances,BE_anti_climate_ban_appliances_flipped.graphml,176,2,0.011,41,0.233,43,0.244,0.433,9.322,9.755,0.125,2.826,2.951
BE,anti_climate_change_renewables,BE_anti_climate_change_renewables_flipped.graphml,178,5,0.028,59,0.331,64,0.360,0.786,13.029,13.815,0.202,3.800,4.003
BE,anti_climate_change_taxes,BE_anti_climate_change_taxes_flipped.graphml,153,6,0.039,51,0.333,57,0.373,1.537,11.235,12.772,0.446,3.431,3.877
BE,anti_economic_interventionism,BE_anti_economic_interventionism_flipped.graphml,153,8,0.052,44,0.288,52,0.340,1.679,9.784,11.464,0.504,3.008,3.512
BE,anti_egalitarianism,BE_anti_egalitarianism_flipped.graphml,157,5,0.032,52,0.331,57,0.363,1.238,11.513,12.751,0.358,3.471,3.829
BE,anti_immigration,BE_anti_immigration_flipped.graphml,188,4,0.021,64,0.340,68,0.362,1.000,13.266,14.266,0.285,3.934,4.219
BE,anti_lgbt,BE_anti_lgbt_flipped.graphml,170,2,0.012,48,0.282,50,0.294,0.612,10.361,10.973,0.150,3.121,3.271
BE,anti_libertarianism,BE_anti_libertarianism_flipped.graphml,150,1,0.007,50,0.333,51,0.340,0.165,11.598,11.762,0.049,3.520,3.569
BE,anti_social_benefits_low_income,BE_anti_social_benefits_low_income_flipped.graphml,140,0,0.000,40,0.286,40,0.286,0.000,9.203,9.203,0.000,2.836,2.836
BE,anti_social_benefits_parents,BE_anti_social_benefits_parents_flipped.graphml,135,1,0.007,38,0.281,39,0.289,0.233,8.624,8.857,0.074,2.610,2.684
BE,authoritarianism,BE_authoritarianism_flipped.graphml,192,1,0.005,55,0.286,56,0.292,0.246,10.979,11.225,0.065,3.381,3.446
BE,benefits_harm_economy,BE_benefits_harm_economy_flipped.graphml,264,13,0.049,89,0.337,102,0.386,2.689,18.545,21.235,0.812,5.660,6.471
BE,benefits_harm_society,BE_benefits_harm_society_flipped.graphml,177,2,0.011,60,0.339,62,0.350,0.500,13.341,13.840,0.142,4.112,4.254
BE,climate_skepticism,BE_climate_skepticism_flipped.graphml,234,13,0.056,78,0.333,91,0.389,2.564,17.314,19.877,0.794,5.369,6.163
BE,educational_spending,BE_educational_spending_flipped.graphml,237,4,0.017,93,0.392,97,0.409,0.705,18.642,19.347,0.226,5.624,5.851
BE,euroscepticism,BE_euroscepticism_flipped.graphml,187,3,0.016,57,0.305,60,0.321,0.485,11.975,12.459,0.158,3.595,3.753
BE,gender_inequality,BE_gender_inequality_flipped.graphml,171,1,0.006,56,0.327,57,0.333,0.204,11.690,11.894,0.055,3.594,3.649
BE,left_right_identification,BE_left_right_identification_flipped.graphml,140,4,0.029,38,0.271,42,0.300,0.909,8.909,9.818,0.270,2.725,2.995
BE,welfare_chauvinism,BE_welfare_chauvinism_flipped.graphml,178,6,0.034,56,0.315,62,0.348,1.331,12.712,14.043,0.416,3.924,4.339
CH,anti_basic_income,CH_anti_basic_income_flipped.graphml,115,3,0.026,19,0.165,22,0.191,0.735,4.498,5.234,0.227,1.373,1.600
CH,anti_climate_ban_appliances,CH_anti_climate_ban_appliances_flipped.graphml,107,1,0.009,26,0.243,27,0.252,0.305,5.923,6.228,0.095,1.855,1.949
CH,anti_climate_change_renewables,CH_anti_climate_change_renewables_flipped.graphml,248,17,0.069,91,0.367,108,0.435,3.411,20.626,24.037,1.079,6.358,7.436
CH,anti_climate_change_taxes,CH_anti_climate_change_taxes_flipped.graphml,123,2,0.016,35,0.285,37,0.301,0.627,8.277,8.905,0.182,2.517,2.698
CH,anti_economic_interventionism,CH_anti_economic_interventionism_flipped.graphml,166,10,0.060,40,0.241,50,0.301,2.248,8.602,10.851,0.548,2.428,2.976
CH,anti_egalitarianism,CH_anti_egalitarianism_flipped.graphml,165,11,0.067,42,0.255,53,0.321,2.614,10.076,12.690,0.781,3.079,3.859
CH,anti_immigration,CH_anti_immigration_flipped.graphml,140,5,0.036,40,0.286,45,0.321,1.292,9.218,10.510,0.359,2.666,3.025
CH,anti_lgbt,CH_anti_lgbt_flipped.graphml,99,2,0.020,22,0.222,24,0.242,0.618,5.168,5.786,0.162,1.614,1.776
CH,anti_libertarianism,CH_anti_libertarianism_flipped.graphml,140,2,0.014,30,0.214,32,0.229,0.544,6.680,7.224,0.169,2.029,2.198
CH,anti_social_benefits_low_income,CH_anti_social_benefits_low_income_flipped.graphml,219,5,0.023,72,0.329,77,0.352,0.793,15.582,16.375,0.254,4.794,5.049
CH,anti_social_benefits_parents,CH_anti_social_benefits_parents_flipped.graphml,133,5,0.038,37,0.278,42,0.316,1.099,8.625,9.724,0.349,2.661,3.010
CH,authoritarianism,CH_authoritarianism_flipped.graphml,117,2,0.017,28,0.239,30,0.256,0.560,7.274,7.834,0.181,2.181,2.362
CH,benefits_harm_economy,CH_benefits_harm_economy_flipped.graphml,119,3,0.025,26,0.218,29,0.244,0.792,6.492,7.284,0.226,1.900,2.127
CH,benefits_harm_society,CH_benefits_harm_society_flipped.graphml,119,4,0.034,28,0.235,32,0.269,1.003,7.144,8.147,0.302,2.144,2.446
CH,climate_skepticism,CH_climate_skepticism_flipped.graphml,149,3,0.020,38,0.255,41,0.275,0.745,8.956,9.700,0.228,2.734,2.962
CH,educational_spending,CH_educational_spending_flipped.graphml,248,7,0.028,90,0.363,97,0.391,1.629,22.291,23.920,0.510,6.970,7.480
CH,euroscepticism,CH_euroscepticism_flipped.graphml,168,6,0.036,57,0.339,63,0.375,1.462,13.767,15.230,0.425,3.985,4.410
CH,gender_inequality,CH_gender_inequality_flipped.graphml,196,7,0.036,65,0.332,72,0.367,1.996,16.620,18.616,0.618,4.993,5.611
CH,left_right_identification,CH_left_right_identification_flipped.graphml,158,5,0.032,38,0.241,43,0.272,1.131,9.465,10.596,0.359,2.890,3.249
CH,welfare_chauvinism,CH_welfare_chauvinism_flipped.graphml,187,3,0.016,64,0.342,67,0.358,0.903,14.602,15.505,0.279,4.337,4.616
CZ,anti_basic_income,CZ_anti_basic_income_flipped.graphml,227,14,0.062,86,0.379,100,0.441,3.742,19.366,23.108,1.109,5.815,6.924
CZ,anti_climate_ban_appliances,CZ_anti_climate_ban_appliances_flipped.graphml,256,16,0.062,107,0.418,123,0.480,4.446,25.440,29.886,1.341,7.554,8.895
CZ,anti_climate_change_renewables,CZ_anti_climate_change_renewables_flipped.graphml,271,18,0.066,103,0.380,121,0.446,4.861,24.150,29.011,1.389,7.121,8.509
CZ,anti_climate_change_taxes,CZ_anti_climate_change_taxes_flipped.graphml,218,12,0.055,94,0.431,106,0.486,3.486,22.997,26.483,1.020,6.916,7.936
CZ,anti_economic_interventionism,CZ_anti_economic_interventionism_flipped.graphml,203,18,0.089,73,0.360,91,0.448,4.567,16.255,20.822,1.394,4.910,6.304
CZ,anti_egalitarianism,CZ_anti_egalitarianism_flipped.graphml,193,12,0.062,78,0.404,90,0.466,3.214,17.918,21.132,1.012,5.425,6.437
CZ,anti_immigration,CZ_anti_immigration_flipped.graphml,284,15,0.053,118,0.415,133,0.468,3.862,26.600,30.462,1.119,7.944,9.063
CZ,anti_lgbt,CZ_anti_lgbt_flipped.graphml,223,10,0.045,78,0.350,88,0.395,3.446,16.740,20.186,0.983,4.999,5.983
CZ,anti_libertarianism,CZ_anti_libertarianism_flipped.graphml,196,9,0.046,73,0.372,82,0.418,2.084,16.813,18.897,0.652,5.025,5.677
CZ,anti_social_benefits_low_income,CZ_anti_social_benefits_low_income_flipped.graphml,200,8,0.040,84,0.420,92,0.460,2.475,20.648,23.123,0.726,6.133,6.859
CZ,anti_social_benefits_parents,CZ_anti_social_benefits_parents_flipped.graphml,250,20,0.080,93,0.372,113,0.452,4.592,21.045,25.637,1.370,6.181,7.551
CZ,authoritarianism,CZ_authoritarianism_flipped.graphml,227,9,0.040,96,0.423,105,0.463,1.911,22.127,24.038,0.609,6.675,7.284
CZ,benefits_harm_economy,CZ_benefits_harm_economy_flipped.graphml,242,18,0.074,95,0.393,113,0.467,4.456,22.018,26.474,1.313,6.596,7.910
CZ,benefits_harm_society,CZ_benefits_harm_society_flipped.graphml,276,18,0.065,113,0.409,131,0.475,4.784,25.747,30.531,1.384,7.753,9.137
CZ,climate_skepticism,CZ_climate_skepticism_flipped.graphml,214,10,0.047,93,0.435,103,0.481,2.587,22.494,25.080,0.782,6.613,7.395
CZ,educational_spending,CZ_educational_spending_flipped.graphml,290,11,0.038,128,0.441,139,0.479,3.133,29.244,32.377,0.798,8.640,9.438
CZ,euroscepticism,CZ_euroscepticism_flipped.graphml,202,14,0.069,75,0.371,89,0.441,3.991,17.590,21.581,1.197,5.346,6.543
CZ,gender_inequality,CZ_gender_inequality_flipped.graphml,243,9,0.037,98,0.403,107,0.440,2.365,21.942,24.307,0.680,6.552,7.232
CZ,left_right_identification,CZ_left_right_identification_flipped.graphml,246,14,0.057,104,0.423,118,0.480,3.395,25.287,28.683,1.040,7.524,8.564
CZ,welfare_chauvinism,CZ_welfare_chauvinism_flipped.graphml,223,12,0.054,93,0.417,105,0.471,3.032,21.388,24.421,0.875,6.311,7.186
DE,anti_basic_income,DE_anti_basic_income_flipped.graphml,218,14,0.064,56,0.257,70,0.321,2.560,10.401,12.962,0.810,3.173,3.982
DE,anti_climate_ban_appliances,DE_anti_climate_ban_appliances_flipped.graphml,258,8,0.031,68,0.264,76,0.295,1.376,14.167,15.543,0.412,4.307,4.719
DE,anti_climate_change_renewables,DE_anti_climate_change_renewables_flipped.graphml,241,7,0.029,70,0.290,77,0.320,1.296,12.982,14.278,0.387,3.990,4.378
DE,anti_climate_change_taxes,DE_anti_climate_change_taxes_flipped.graphml,240,2,0.008,75,0.312,77,0.321,0.244,14.378,14.622,0.078,4.249,4.328
DE,anti_economic_interventionism,DE_anti_economic_interventionism_flipped.graphml,286,7,0.024,79,0.276,86,0.301,1.532,14.662,16.194,0.494,4.482,4.976
DE,anti_egalitarianism,DE_anti_egalitarianism_flipped.graphml,241,5,0.021,64,0.266,69,0.286,1.216,12.539,13.755,0.356,3.661,4.017
DE,anti_immigration,DE_anti_immigration_flipped.graphml,265,7,0.026,82,0.309,89,0.336,0.947,16.964,17.911,0.304,5.088,5.392
DE,anti_lgbt,DE_anti_lgbt_flipped.graphml,245,10,0.041,66,0.269,76,0.310,1.576,13.695,15.272,0.498,4.152,4.650
DE,anti_libertarianism,DE_anti_libertarianism_flipped.graphml,199,2,0.010,59,0.296,61,0.307,0.407,12.355,12.761,0.127,3.722,3.849
DE,anti_social_benefits_low_income,DE_anti_social_benefits_low_income_flipped.graphml,170,0,0.000,50,0.294,50,0.294,0.000,10.667,10.667,0.000,3.268,3.268
DE,anti_social_benefits_parents,DE_anti_social_benefits_parents_flipped.graphml,227,8,0.035,59,0.260,67,0.295,1.170,11.231,12.401,0.379,3.338,3.717
DE,authoritarianism,DE_authoritarianism_flipped.graphml,211,3,0.014,56,0.265,59,0.280,0.535,11.753,12.288,0.176,3.670,3.846
DE,benefits_harm_economy,DE_benefits_harm_economy_flipped.graphml,202,8,0.040,49,0.243,57,0.282,1.881,10.321,12.202,0.601,3.180,3.781
DE,benefits_harm_society,DE_benefits_harm_society_flipped.graphml,217,2,0.009,64,0.295,66,0.304,0.298,12.960,13.258,0.097,3.948,4.045
DE,climate_skepticism,DE_climate_skepticism_flipped.graphml,199,1,0.005,55,0.276,56,0.281,0.152,11.582,11.734,0.049,3.548,3.597
DE,educational_spending,DE_educational_spending_flipped.graphml,212,1,0.005,57,0.269,58,0.274,0.143,11.916,12.059,0.046,3.612,3.658
DE,euroscepticism,DE_euroscepticism_flipped.graphml,237,6,0.025,64,0.270,70,0.295,0.938,13.090,14.029,0.306,3.950,4.255
DE,gender_inequality,DE_gender_inequality_flipped.graphml,201,1,0.005,59,0.294,60,0.299,0.235,12.640,12.875,0.075,3.807,3.882
DE,left_right_identification,DE_left_right_identification_flipped.graphml,194,5,0.026,47,0.242,52,0.268,0.994,10.025,11.020,0.299,3.104,3.404
DE,welfare_chauvinism,DE_welfare_chauvinism_flipped.graphml,278,15,0.054,84,0.302,99,0.356,2.503,16.550,19.053,0.763,4.825,5.588
EE,anti_basic_income,EE_anti_basic_income_flipped.graphml,184,15,0.082,42,0.228,57,0.310,3.453,8.981,12.435,1.057,2.684,3.741
EE,anti_climate_ban_appliances,EE_anti_climate_ban_appliances_flipped.graphml,114,9,0.079,28,0.246,37,0.325,1.906,6.497,8.403,0.560,1.981,2.541
EE,anti_climate_change_renewables,EE_anti_climate_change_renewables_flipped.graphml,269,21,0.078,99,0.368,120,0.446,4.753,23.310,28.063,1.446,7.232,8.678
EE,anti_climate_change_taxes,EE_anti_climate_change_taxes_flipped.graphml,158,9,0.057,40,0.253,49,0.310,1.615,8.627,10.242,0.522,2.661,3.183
EE,anti_economic_interventionism,EE_anti_economic_interventionism_flipped.graphml,170,5,0.029,50,0.294,55,0.324,1.142,9.984,11.126,0.332,3.041,3.373
EE,anti_egalitarianism,EE_anti_egalitarianism_flipped.graphml,117,4,0.034,31,0.265,35,0.299,0.819,7.084,7.903,0.249,2.166,2.415
EE,anti_immigration,EE_anti_immigration_flipped.graphml,111,4,0.036,31,0.279,35,0.315,1.213,7.186,8.399,0.342,2.127,2.469
EE,anti_lgbt,EE_anti_lgbt_flipped.graphml,119,4,0.034,33,0.277,37,0.311,1.121,6.707,7.828,0.362,1.995,2.357
EE,anti_libertarianism,EE_anti_libertarianism_flipped.graphml,143,3,0.021,44,0.308,47,0.329,0.552,8.833,9.386,0.172,2.686,2.858
EE,anti_social_benefits_low_income,EE_anti_social_benefits_low_income_flipped.graphml,126,1,0.008,40,0.317,41,0.325,0.420,8.151,8.570,0.140,2.354,2.493
EE,anti_social_benefits_parents,EE_anti_social_benefits_parents_flipped.graphml,152,6,0.039,46,0.303,52,0.342,1.244,9.869,11.114,0.387,3.023,3.410
EE,authoritarianism,EE_authoritarianism_flipped.graphml,137,3,0.022,36,0.263,39,0.285,0.425,7.788,8.213,0.139,2.395,2.534
EE,benefits_harm_economy,EE_benefits_harm_economy_flipped.graphml,139,7,0.050,23,0.165,30,0.216,1.744,4.885,6.629,0.565,1.511,2.076
EE,benefits_harm_society,EE_benefits_harm_society_flipped.graphml,146,3,0.021,45,0.308,48,0.329,0.656,9.469,10.126,0.212,2.827,3.039
EE,climate_skepticism,EE_climate_skepticism_flipped.graphml,148,13,0.088,37,0.250,50,0.338,2.881,8.475,11.356,0.912,2.598,3.510
EE,educational_spending,EE_educational_spending_flipped.graphml,174,3,0.017,58,0.333,61,0.351,0.777,11.526,12.302,0.251,3.363,3.614
EE,euroscepticism,EE_euroscepticism_flipped.graphml,108,5,0.046,31,0.287,36,0.333,1.216,6.865,8.081,0.396,2.146,2.542
EE,gender_inequality,EE_gender_inequality_flipped.graphml,160,6,0.037,51,0.319,57,0.356,1.596,11.527,13.123,0.490,3.588,4.078
EE,left_right_identification,EE_left_right_identification_flipped.graphml,124,3,0.024,24,0.194,27,0.218,0.789,5.177,5.966,0.246,1.580,1.826
EE,welfare_chauvinism,EE_welfare_chauvinism_flipped.graphml,112,4,0.036,30,0.268,34,0.304,1.103,7.054,8.157,0.339,2.100,2.439
ES,anti_basic_income,ES_anti_basic_income_flipped.graphml,146,3,0.021,50,0.342,53,0.363,0.666,11.311,11.977,0.205,3.392,3.597
ES,anti_climate_ban_appliances,ES_anti_climate_ban_appliances_flipped.graphml,142,2,0.014,49,0.345,51,0.359,0.396,11.903,12.299,0.125,3.663,3.787
ES,anti_climate_change_renewables,ES_anti_climate_change_renewables_flipped.graphml,176,3,0.017,58,0.330,61,0.347,0.567,13.188,13.755,0.184,4.068,4.252
ES,anti_climate_change_taxes,ES_anti_climate_change_taxes_flipped.graphml,141,2,0.014,40,0.284,42,0.298,0.341,7.919,8.261,0.111,2.312,2.423
ES,anti_economic_interventionism,ES_anti_economic_interventionism_flipped.graphml,105,3,0.029,33,0.314,36,0.343,0.688,8.266,8.955,0.220,2.556,2.776
ES,anti_egalitarianism,ES_anti_egalitarianism_flipped.graphml,99,4,0.040,19,0.192,23,0.232,1.147,4.740,5.887,0.353,1.440,1.793
ES,anti_immigration,ES_anti_immigration_flipped.graphml,163,2,0.012,52,0.319,54,0.331,0.541,11.863,12.404,0.161,3.544,3.705
ES,anti_lgbt,ES_anti_lgbt_flipped.graphml,83,2,0.024,15,0.181,17,0.205,0.577,4.248,4.825,0.172,1.315,1.486
ES,anti_libertarianism,ES_anti_libertarianism_flipped.graphml,247,9,0.036,104,0.421,113,0.457,2.129,25.178,27.306,0.687,7.933,8.619
ES,anti_social_benefits_low_income,ES_anti_social_benefits_low_income_flipped.graphml,260,5,0.019,115,0.442,120,0.462,1.022,26.741,27.764,0.318,8.454,8.773
ES,anti_social_benefits_parents,ES_anti_social_benefits_parents_flipped.graphml,112,0,0.000,35,0.312,35,0.312,0.000,8.701,8.701,0.000,2.699,2.699
ES,authoritarianism,ES_authoritarianism_flipped.graphml,99,3,0.030,27,0.273,30,0.303,0.750,6.858,7.608,0.231,2.175,2.406
ES,benefits_harm_economy,ES_benefits_harm_economy_flipped.graphml,103,2,0.019,21,0.204,23,0.223,0.489,5.157,5.646,0.155,1.560,1.715
ES,benefits_harm_society,ES_benefits_harm_society_flipped.graphml,94,1,0.011,30,0.319,31,0.330,0.169,7.364,7.534,0.052,2.237,2.289
ES,climate_skepticism,ES_climate_skepticism_flipped.graphml,126,0,0.000,40,0.317,40,0.317,0.000,9.189,9.189,0.000,2.824,2.824
ES,educational_spending,ES_educational_spending_flipped.graphml,120,1,0.008,31,0.258,32,0.267,0.235,7.150,7.385,0.071,2.145,2.215
ES,euroscepticism,ES_euroscepticism_flipped.graphml,125,0,0.000,41,0.328,41,0.328,0.000,9.321,9.321,0.000,2.865,2.865
ES,gender_inequality,ES_gender_inequality_flipped.graphml,160,1,0.006,52,0.325,53,0.331,0.185,11.223,11.408,0.060,3.362,3.423
ES,left_right_identification,ES_left_right_identification_flipped.graphml,94,1,0.011,17,0.181,18,0.191,0.282,4.369,4.651,0.089,1.353,1.442
ES,welfare_chauvinism,ES_welfare_chauvinism_flipped.graphml,104,1,0.010,29,0.279,30,0.288,0.291,6.874,7.164,0.093,2.132,2.225
FI,anti_basic_income,FI_anti_basic_income_flipped.graphml,189,7,0.037,45,0.238,52,0.275,1.454,10.008,11.462,0.455,3.046,3.501
FI,anti_climate_ban_appliances,FI_anti_climate_ban_appliances_flipped.graphml,164,0,0.000,44,0.268,44,0.268,0.000,9.665,9.665,0.000,2.877,2.877
FI,anti_climate_change_renewables,FI_anti_climate_change_renewables_flipped.graphml,137,3,0.022,39,0.285,42,0.307,0.660,9.115,9.775,0.217,2.860,3.077
FI,anti_climate_change_taxes,FI_anti_climate_change_taxes_flipped.graphml,167,7,0.042,38,0.228,45,0.269,1.048,8.365,9.413,0.288,2.535,2.824
FI,anti_economic_interventionism,FI_anti_economic_interventionism_flipped.graphml,232,14,0.060,68,0.293,82,0.353,2.659,13.909,16.568,0.745,4.123,4.868
FI,anti_egalitarianism,FI_anti_egalitarianism_flipped.graphml,161,6,0.037,38,0.236,44,0.273,1.445,8.455,9.900,0.462,2.625,3.087
FI,anti_immigration,FI_anti_immigration_flipped.graphml,165,2,0.012,38,0.230,40,0.242,0.625,8.712,9.337,0.175,2.738,2.914
FI,anti_lgbt,FI_anti_lgbt_flipped.graphml,153,3,0.020,40,0.261,43,0.281,0.768,8.826,9.594,0.222,2.736,2.958
FI,anti_libertarianism,FI_anti_libertarianism_flipped.graphml,190,4,0.021,60,0.316,64,0.337,0.695,13.226,13.922,0.224,4.033,4.257
FI,anti_social_benefits_low_income,FI_anti_social_benefits_low_income_flipped.graphml,191,0,0.000,55,0.288,55,0.288,0.000,12.244,12.244,0.000,3.816,3.816
FI,anti_social_benefits_parents,FI_anti_social_benefits_parents_flipped.graphml,234,3,0.013,75,0.321,78,0.333,0.479,14.755,15.234,0.158,4.552,4.711
FI,authoritarianism,FI_authoritarianism_flipped.graphml,127,1,0.008,31,0.244,32,0.252,0.261,7.116,7.377,0.083,2.142,2.225
FI,benefits_harm_economy,FI_benefits_harm_economy_flipped.graphml,155,3,0.019,39,0.252,42,0.271,0.745,8.157,8.902,0.240,2.504,2.744
FI,benefits_harm_society,FI_benefits_harm_society_flipped.graphml,179,2,0.011,48,0.268,50,0.279,0.411,10.509,10.920,0.136,3.239,3.375
FI,climate_skepticism,FI_climate_skepticism_flipped.graphml,124,1,0.008,36,0.290,37,0.298,0.161,8.248,8.410,0.052,2.514,2.566
FI,educational_spending,FI_educational_spending_flipped.graphml,140,0,0.000,35,0.250,35,0.250,0.000,8.235,8.235,0.000,2.489,2.489
FI,euroscepticism,FI_euroscepticism_flipped.graphml,156,0,0.000,41,0.263,41,0.263,0.000,9.454,9.454,0.000,2.889,2.889
FI,gender_inequality,FI_gender_inequality_flipped.graphml,148,3,0.020,40,0.270,43,0.291,0.652,10.034,10.686,0.209,3.068,3.277
FI,left_right_identification,FI_left_right_identification_flipped.graphml,132,3,0.023,31,0.235,34,0.258,0.871,7.628,8.499,0.259,2.396,2.654
FI,welfare_chauvinism,FI_welfare_chauvinism_flipped.graphml,165,0,0.000,46,0.279,46,0.279,0.000,10.726,10.726,0.000,3.338,3.338
FR,anti_basic_income,FR_anti_basic_income_flipped.graphml,150,4,0.027,38,0.253,42,0.280,0.702,8.005,8.707,0.221,2.466,2.686
FR,anti_climate_ban_appliances,FR_anti_climate_ban_appliances_flipped.graphml,135,1,0.007,34,0.252,35,0.259,0.208,7.498,7.705,0.067,2.335,2.401
FR,anti_climate_change_renewables,FR_anti_climate_change_renewables_flipped.graphml,181,7,0.039,48,0.265,55,0.304,1.530,9.929,11.458,0.460,2.953,3.412
FR,anti_climate_change_taxes,FR_anti_climate_change_taxes_flipped.graphml,168,3,0.018,52,0.310,55,0.327,0.746,10.919,11.665,0.223,3.297,3.520
FR,anti_economic_interventionism,FR_anti_economic_interventionism_flipped.graphml,158,1,0.006,38,0.241,39,0.247,0.242,8.191,8.433,0.077,2.499,2.576
FR,anti_egalitarianism,FR_anti_egalitarianism_flipped.graphml,162,3,0.019,49,0.302,52,0.321,0.651,10.228,10.879,0.200,3.130,3.330
FR,anti_immigration,FR_anti_immigration_flipped.graphml,193,1,0.005,48,0.249,49,0.254,0.243,9.993,10.235,0.079,3.035,3.114
FR,anti_lgbt,FR_anti_lgbt_flipped.graphml,205,5,0.024,64,0.312,69,0.337,1.261,14.511,15.772,0.408,4.407,4.815
FR,anti_libertarianism,FR_anti_libertarianism_flipped.graphml,161,4,0.025,48,0.298,52,0.323,0.678,10.332,11.009,0.214,3.124,3.338
FR,anti_social_benefits_low_income,FR_anti_social_benefits_low_income_flipped.graphml,154,0,0.000,41,0.266,41,0.266,0.000,9.041,9.041,0.000,2.757,2.757
FR,anti_social_benefits_parents,FR_anti_social_benefits_parents_flipped.graphml,131,1,0.008,37,0.282,38,0.290,0.203,8.366,8.569,0.065,2.590,2.655
FR,authoritarianism,FR_authoritarianism_flipped.graphml,145,1,0.007,39,0.269,40,0.276,0.233,8.420,8.653,0.075,2.618,2.693
FR,benefits_harm_economy,FR_benefits_harm_economy_flipped.graphml,129,3,0.023,28,0.217,31,0.240,0.669,6.300,6.969,0.219,1.970,2.189
FR,benefits_harm_society,FR_benefits_harm_society_flipped.graphml,173,7,0.040,44,0.254,51,0.295,1.138,10.230,11.367,0.352,3.084,3.436
FR,climate_skepticism,FR_climate_skepticism_flipped.graphml,172,2,0.012,46,0.267,48,0.279,0.374,9.682,10.056,0.123,3.024,3.148
FR,educational_spending,FR_educational_spending_flipped.graphml,132,1,0.008,36,0.273,37,0.280,0.209,8.715,8.924,0.068,2.653,2.721
FR,euroscepticism,FR_euroscepticism_flipped.graphml,209,7,0.033,59,0.282,66,0.316,1.189,12.304,13.493,0.373,3.654,4.027
FR,gender_inequality,FR_gender_inequality_flipped.graphml,139,1,0.007,43,0.309,44,0.317,0.270,9.247,9.518,0.069,2.789,2.858
FR,left_right_identification,FR_left_right_identification_flipped.graphml,147,4,0.027,35,0.238,39,0.265,0.934,8.377,9.311,0.302,2.475,2.777
FR,welfare_chauvinism,FR_welfare_chauvinism_flipped.graphml,163,3,0.018,40,0.245,43,0.264,0.705,8.419,9.124,0.221,2.545,2.766
GB,anti_basic_income,GB_anti_basic_income_flipped.graphml,245,4,0.016,77,0.314,81,0.331,0.703,17.447,18.149,0.209,5.164,5.373
GB,anti_climate_ban_appliances,GB_anti_climate_ban_appliances_flipped.graphml,236,1,0.004,69,0.292,70,0.297,0.206,14.304,14.511,0.065,4.087,4.153
GB,anti_climate_change_renewables,GB_anti_climate_change_renewables_flipped.graphml,148,2,0.014,40,0.270,42,0.284,0.431,8.954,9.384,0.138,2.690,2.828
GB,anti_climate_change_taxes,GB_anti_climate_change_taxes_flipped.graphml,175,3,0.017,46,0.263,49,0.280,0.680,10.521,11.201,0.222,3.125,3.347
GB,anti_economic_interventionism,GB_anti_economic_interventionism_flipped.graphml,134,3,0.022,28,0.209,31,0.231,0.611,6.557,7.169,0.188,2.012,2.200
GB,anti_egalitarianism,GB_anti_egalitarianism_flipped.graphml,150,9,0.060,30,0.200,39,0.260,2.050,6.369,8.419,0.606,1.876,2.482
GB,anti_immigration,GB_anti_immigration_flipped.graphml,160,6,0.037,43,0.269,49,0.306,1.493,10.438,11.931,0.437,3.098,3.535
GB,anti_lgbt,GB_anti_lgbt_flipped.graphml,177,4,0.023,43,0.243,47,0.266,1.462,8.707,10.169,0.411,2.572,2.983
GB,anti_libertarianism,GB_anti_libertarianism_flipped.graphml,178,3,0.017,49,0.275,52,0.292,0.480,10.149,10.629,0.153,3.033,3.187
GB,anti_social_benefits_low_income,GB_anti_social_benefits_low_income_flipped.graphml,165,1,0.006,38,0.230,39,0.236,0.174,8.587,8.762,0.057,2.675,2.732
GB,anti_social_benefits_parents,GB_anti_social_benefits_parents_flipped.graphml,175,1,0.006,43,0.246,44,0.251,0.223,9.976,10.199,0.074,3.004,3.078
GB,authoritarianism,GB_authoritarianism_flipped.graphml,170,2,0.012,39,0.229,41,0.241,0.364,8.420,8.784,0.119,2.483,2.602
GB,benefits_harm_economy,GB_benefits_harm_economy_flipped.graphml,166,3,0.018,34,0.205,37,0.223,0.739,8.286,9.024,0.242,2.460,2.703
GB,benefits_harm_society,GB_benefits_harm_society_flipped.graphml,214,2,0.009,75,0.350,77,0.360,0.471,17.073,17.543,0.147,5.253,5.400
GB,climate_skepticism,GB_climate_skepticism_flipped.graphml,159,2,0.013,25,0.157,27,0.170,0.384,5.889,6.273,0.126,1.776,1.902
GB,educational_spending,GB_educational_spending_flipped.graphml,255,3,0.012,83,0.325,86,0.337,0.590,16.821,17.410,0.171,4.994,5.165
GB,euroscepticism,GB_euroscepticism_flipped.graphml,215,4,0.019,62,0.288,66,0.307,0.719,12.749,13.468,0.232,3.733,3.965
GB,gender_inequality,GB_gender_inequality_flipped.graphml,153,1,0.007,40,0.261,41,0.268,0.128,9.186,9.315,0.042,2.753,2.795
GB,left_right_identification,GB_left_right_identification_flipped.graphml,173,5,0.029,42,0.243,47,0.272,1.040,9.337,10.377,0.325,2.790,3.115
GB,welfare_chauvinism,GB_welfare_chauvinism_flipped.graphml,180,4,0.022,46,0.256,50,0.278,0.839,10.050,10.889,0.240,2.917,3.157
HU,anti_basic_income,HU_anti_basic_income_flipped.graphml,167,20,0.120,48,0.287,68,0.407,6.257,12.525,18.781,1.633,3.769,5.402
HU,anti_climate_ban_appliances,HU_anti_climate_ban_appliances_flipped.graphml,210,35,0.167,64,0.305,99,0.471,8.923,15.988,24.911,2.520,4.820,7.340
HU,anti_climate_change_renewables,HU_anti_climate_change_renewables_flipped.graphml,144,16,0.111,46,0.319,62,0.431,4.016,12.217,16.233,1.188,3.804,4.992
HU,anti_climate_change_taxes,HU_anti_climate_change_taxes_flipped.graphml,197,37,0.188,63,0.320,100,0.508,10.183,16.263,26.446,2.928,4.978,7.905
HU,anti_economic_interventionism,HU_anti_economic_interventionism_flipped.graphml,156,22,0.141,47,0.301,69,0.442,5.613,12.923,18.536,1.680,3.953,5.632
HU,anti_egalitarianism,HU_anti_egalitarianism_flipped.graphml,204,24,0.118,72,0.353,96,0.471,6.717,18.751,25.468,1.915,5.763,7.678
HU,anti_immigration,HU_anti_immigration_flipped.graphml,153,26,0.170,36,0.235,62,0.405,6.483,9.224,15.707,1.866,2.837,4.703
HU,anti_lgbt,HU_anti_lgbt_flipped.graphml,171,29,0.170,50,0.292,79,0.462,7.438,12.907,20.345,2.126,4.022,6.148
HU,anti_libertarianism,HU_anti_libertarianism_flipped.graphml,97,1,0.010,38,0.392,39,0.402,0.179,10.425,10.603,0.057,3.175,3.232
HU,anti_social_benefits_low_income,HU_anti_social_benefits_low_income_flipped.graphml,192,14,0.073,68,0.354,82,0.427,3.992,17.010,21.002,1.147,5.243,6.390
HU,anti_social_benefits_parents,HU_anti_social_benefits_parents_flipped.graphml,146,15,0.103,51,0.349,66,0.452,4.145,12.675,16.820,1.206,3.846,5.052
HU,authoritarianism,HU_authoritarianism_flipped.graphml,210,12,0.057,88,0.419,100,0.476,2.656,24.018,26.674,0.863,7.046,7.909
HU,benefits_harm_economy,HU_benefits_harm_economy_flipped.graphml,192,35,0.182,47,0.245,82,0.427,9.956,12.182,22.138,2.904,3.853,6.757
HU,benefits_harm_society,HU_benefits_harm_society_flipped.graphml,174,16,0.092,57,0.328,73,0.420,5.717,14.842,20.559,1.541,4.617,6.158
HU,climate_skepticism,HU_climate_skepticism_flipped.graphml,169,18,0.107,56,0.331,74,0.438,5.494,14.807,20.300,1.496,4.326,5.823
HU,educational_spending,HU_educational_spending_flipped.graphml,123,9,0.073,51,0.415,60,0.488,1.922,13.640,15.561,0.597,4.160,4.758
HU,euroscepticism,HU_euroscepticism_flipped.graphml,238,29,0.122,83,0.349,112,0.471,7.774,19.866,27.640,2.018,6.016,8.034
HU,gender_inequality,HU_gender_inequality_flipped.graphml,141,13,0.092,46,0.326,59,0.418,2.994,12.020,15.014,0.840,3.739,4.579
HU,left_right_identification,HU_left_right_identification_flipped.graphml,171,15,0.088,61,0.357,76,0.444,5.131,15.069,20.200,1.443,4.548,5.991
HU,welfare_chauvinism,HU_welfare_chauvinism_flipped.graphml,207,30,0.145,63,0.304,93,0.449,8.718,16.096,24.815,2.440,4.934,7.374
IE,anti_basic_income,IE_anti_basic_income_flipped.graphml,190,15,0.079,62,0.326,77,0.405,3.186,14.410,17.595,0.849,4.379,5.228
IE,anti_climate_ban_appliances,IE_anti_climate_ban_appliances_flipped.graphml,213,6,0.028,86,0.404,92,0.432,1.282,19.277,20.559,0.349,5.807,6.156
IE,anti_climate_change_renewables,IE_anti_climate_change_renewables_flipped.graphml,199,6,0.030,82,0.412,88,0.442,1.258,18.026,19.284,0.345,5.384,5.728
IE,anti_climate_change_taxes,IE_anti_climate_change_taxes_flipped.graphml,197,7,0.036,78,0.396,85,0.431,1.301,17.671,18.972,0.405,5.333,5.737
IE,anti_economic_interventionism,IE_anti_economic_interventionism_flipped.graphml,228,21,0.092,86,0.377,107,0.469,4.921,19.162,24.083,1.450,5.722,7.171
IE,anti_egalitarianism,IE_anti_egalitarianism_flipped.graphml,175,10,0.057,65,0.371,75,0.429,1.939,16.727,18.666,0.609,5.118,5.727
IE,anti_immigration,IE_anti_immigration_flipped.graphml,212,8,0.038,82,0.387,90,0.425,1.812,17.523,19.334,0.535,5.224,5.759
IE,anti_lgbt,IE_anti_lgbt_flipped.graphml,168,8,0.048,62,0.369,70,0.417,2.130,13.766,15.895,0.595,4.262,4.857
IE,anti_libertarianism,IE_anti_libertarianism_flipped.graphml,243,9,0.037,102,0.420,111,0.457,1.543,23.010,24.553,0.479,6.662,7.141
IE,anti_social_benefits_low_income,IE_anti_social_benefits_low_income_flipped.graphml,189,1,0.005,79,0.418,80,0.423,0.128,17.886,18.014,0.042,5.297,5.340
IE,anti_social_benefits_parents,IE_anti_social_benefits_parents_flipped.graphml,267,18,0.067,110,0.412,128,0.479,4.065,25.848,29.913,1.152,7.927,9.079
IE,authoritarianism,IE_authoritarianism_flipped.graphml,193,8,0.041,74,0.383,82,0.425,1.486,16.287,17.773,0.452,4.774,5.226
IE,benefits_harm_economy,IE_benefits_harm_economy_flipped.graphml,193,12,0.062,71,0.368,83,0.430,2.254,16.618,18.872,0.720,5.019,5.738
IE,benefits_harm_society,IE_benefits_harm_society_flipped.graphml,228,6,0.026,86,0.377,92,0.404,1.149,18.986,20.136,0.342,5.618,5.960
IE,climate_skepticism,IE_climate_skepticism_flipped.graphml,183,8,0.044,69,0.377,77,0.421,1.835,15.702,17.537,0.530,4.769,5.299
IE,educational_spending,IE_educational_spending_flipped.graphml,194,3,0.015,78,0.402,81,0.418,0.765,17.029,17.795,0.223,5.217,5.440
IE,euroscepticism,IE_euroscepticism_flipped.graphml,279,14,0.050,116,0.416,130,0.466,3.081,27.376,30.457,0.912,8.442,9.354
IE,gender_inequality,IE_gender_inequality_flipped.graphml,168,1,0.006,67,0.399,68,0.405,0.233,15.906,16.139,0.076,4.724,4.800
IE,left_right_identification,IE_left_right_identification_flipped.graphml,213,11,0.052,79,0.371,90,0.423,2.547,17.073,19.620,0.745,4.745,5.490
IE,welfare_chauvinism,IE_welfare_chauvinism_flipped.graphml,192,8,0.042,76,0.396,84,0.438,1.463,17.842,19.305,0.457,5.431,5.887
IL,anti_basic_income,IL_anti_basic_income_flipped.graphml,162,10,0.062,57,0.352,67,0.414,2.704,14.050,16.754,0.698,4.124,4.822
IL,anti_climate_ban_appliances,IL_anti_climate_ban_appliances_flipped.graphml,129,8,0.062,40,0.310,48,0.372,2.212,10.989,13.201,0.591,3.169,3.760
IL,anti_climate_change_renewables,IL_anti_climate_change_renewables_flipped.graphml,186,7,0.038,63,0.339,70,0.376,2.149,14.664,16.813,0.571,4.432,5.003
IL,anti_climate_change_taxes,IL_anti_climate_change_taxes_flipped.graphml,201,4,0.020,69,0.343,73,0.363,1.301,16.262,17.563,0.371,4.774,5.144
IL,anti_economic_interventionism,IL_anti_economic_interventionism_flipped.graphml,159,5,0.031,59,0.371,64,0.403,0.990,14.810,15.800,0.307,4.477,4.785
IL,anti_egalitarianism,IL_anti_egalitarianism_flipped.graphml,129,10,0.078,40,0.310,50,0.388,2.511,10.716,13.227,0.681,3.141,3.822
IL,anti_immigration,IL_anti_immigration_flipped.graphml,172,8,0.047,59,0.343,67,0.390,2.284,14.185,16.469,0.632,4.288,4.920
IL,anti_lgbt,IL_anti_lgbt_flipped.graphml,168,5,0.030,66,0.393,71,0.423,1.520,16.077,17.597,0.417,4.942,5.360
IL,anti_libertarianism,IL_anti_libertarianism_flipped.graphml,205,7,0.034,70,0.341,77,0.376,1.415,17.291,18.706,0.449,5.160,5.610
IL,anti_social_benefits_low_income,IL_anti_social_benefits_low_income_flipped.graphml,183,3,0.016,70,0.383,73,0.399,0.775,17.524,18.299,0.209,5.278,5.487
IL,anti_social_benefits_parents,IL_anti_social_benefits_parents_flipped.graphml,175,4,0.023,58,0.331,62,0.354,0.976,13.698,14.673,0.300,4.040,4.340
IL,authoritarianism,IL_authoritarianism_flipped.graphml,160,3,0.019,53,0.331,56,0.350,0.898,12.742,13.640,0.247,3.836,4.083
IL,benefits_harm_economy,IL_benefits_harm_economy_flipped.graphml,229,9,0.039,85,0.371,94,0.410,1.948,20.897,22.845,0.588,6.312,6.900
IL,benefits_harm_society,IL_benefits_harm_society_flipped.graphml,152,4,0.026,54,0.355,58,0.382,1.074,13.535,14.610,0.284,4.088,4.371
IL,climate_skepticism,IL_climate_skepticism_flipped.graphml,184,12,0.065,53,0.288,65,0.353,3.430,12.851,16.281,0.915,3.884,4.799
IL,educational_spending,IL_educational_spending_flipped.graphml,199,6,0.030,75,0.377,81,0.407,1.225,18.454,19.680,0.299,5.516,5.815
IL,euroscepticism,IL_euroscepticism_flipped.graphml,174,4,0.023,60,0.345,64,0.368,1.313,14.145,15.458,0.316,4.128,4.443
IL,gender_inequality,IL_gender_inequality_flipped.graphml,185,4,0.022,62,0.335,66,0.357,1.361,15.383,16.744,0.336,4.634,4.971
IL,left_right_identification,IL_left_right_identification_flipped.graphml,164,5,0.030,51,0.311,56,0.341,1.186,12.185,13.371,0.333,3.617,3.950
IL,welfare_chauvinism,IL_welfare_chauvinism_flipped.graphml,174,7,0.040,58,0.333,65,0.374,2.272,13.981,16.253,0.584,4.132,4.716
IS,anti_basic_income,IS_anti_basic_income_flipped.graphml,103,2,0.019,25,0.243,27,0.262,0.617,6.369,6.987,0.185,1.940,2.124
IS,anti_climate_ban_appliances,IS_anti_climate_ban_appliances_flipped.graphml,73,0,0.000,17,0.233,17,0.233,0.000,4.847,4.847,0.000,1.512,1.512
IS,anti_climate_change_renewables,IS_anti_climate_change_renewables_flipped.graphml,136,6,0.044,45,0.331,51,0.375,1.471,12.630,14.100,0.465,3.788,4.253
IS,anti_climate_change_taxes,IS_anti_climate_change_taxes_flipped.graphml,114,2,0.018,37,0.325,39,0.342,0.489,9.498,9.987,0.154,2.946,3.100
IS,anti_economic_interventionism,IS_anti_economic_interventionism_flipped.graphml,149,6,0.040,49,0.329,55,0.369,1.483,14.719,16.202,0.464,4.354,4.819
IS,anti_egalitarianism,IS_anti_egalitarianism_flipped.graphml,98,2,0.020,24,0.245,26,0.265,0.454,6.365,6.820,0.148,1.899,2.047
IS,anti_immigration,IS_anti_immigration_flipped.graphml,232,9,0.039,83,0.358,92,0.397,2.127,20.467,22.593,0.620,6.079,6.699
IS,anti_lgbt,IS_anti_lgbt_flipped.graphml,180,8,0.044,63,0.350,71,0.394,2.485,16.711,19.197,0.746,5.230,5.976
IS,anti_libertarianism,IS_anti_libertarianism_flipped.graphml,88,0,0.000,25,0.284,25,0.284,0.000,6.445,6.445,0.000,1.988,1.988
IS,anti_social_benefits_low_income,IS_anti_social_benefits_low_income_flipped.graphml,81,0,0.000,18,0.222,18,0.222,0.000,5.327,5.327,0.000,1.686,1.686
IS,anti_social_benefits_parents,IS_anti_social_benefits_parents_flipped.graphml,81,0,0.000,18,0.222,18,0.222,0.000,5.202,5.202,0.000,1.582,1.582
IS,authoritarianism,IS_authoritarianism_flipped.graphml,71,1,0.014,22,0.310,23,0.324,0.171,6.153,6.325,0.054,1.846,1.900
IS,benefits_harm_economy,IS_benefits_harm_economy_flipped.graphml,66,3,0.045,10,0.152,13,0.197,0.981,2.755,3.736,0.312,0.844,1.156
IS,benefits_harm_society,IS_benefits_harm_society_flipped.graphml,102,0,0.000,20,0.196,20,0.196,0.000,5.460,5.460,0.000,1.707,1.707
IS,climate_skepticism,IS_climate_skepticism_flipped.graphml,116,11,0.095,33,0.284,44,0.379,2.905,10.032,12.936,0.915,3.085,4.000
IS,educational_spending,IS_educational_spending_flipped.graphml,69,0,0.000,15,0.217,15,0.217,0.000,4.388,4.388,0.000,1.373,1.373
IS,euroscepticism,IS_euroscepticism_flipped.graphml,78,2,0.026,20,0.256,22,0.282,0.433,5.412,5.845,0.120,1.663,1.783
IS,gender_inequality,IS_gender_inequality_flipped.graphml,138,3,0.022,37,0.268,40,0.290,0.783,9.677,10.461,0.197,2.924,3.121
IS,left_right_identification,IS_left_right_identification_flipped.graphml,87,3,0.034,21,0.241,24,0.276,1.126,5.404,6.530,0.300,1.685,1.986
IS,welfare_chauvinism,IS_welfare_chauvinism_flipped.graphml,95,2,0.021,19,0.200,21,0.221,0.577,4.865,5.442,0.182,1.520,1.702
IT,anti_basic_income,IT_anti_basic_income_flipped.graphml,155,8,0.052,52,0.335,60,0.387,2.103,11.153,13.256,0.597,3.425,4.022
IT,anti_climate_ban_appliances,IT_anti_climate_ban_appliances_flipped.graphml,159,6,0.038,55,0.346,61,0.384,1.339,11.846,13.185,0.381,3.605,3.986
IT,anti_climate_change_renewables,IT_anti_climate_change_renewables_flipped.graphml,166,7,0.042,57,0.343,64,0.386,2.201,12.886,15.086,0.618,3.983,4.601
IT,anti_climate_change_taxes,IT_anti_climate_change_taxes_flipped.graphml,138,7,0.051,37,0.268,44,0.319,2.007,7.581,9.588,0.550,2.385,2.935
IT,anti_economic_interventionism,IT_anti_economic_interventionism_flipped.graphml,145,8,0.055,42,0.290,50,0.345,2.096,8.553,10.649,0.569,2.641,3.211
IT,anti_egalitarianism,IT_anti_egalitarianism_flipped.graphml,131,2,0.015,43,0.328,45,0.344,0.813,9.154,9.967,0.184,2.837,3.021
IT,anti_immigration,IT_anti_immigration_flipped.graphml,176,6,0.034,58,0.330,64,0.364,1.489,12.921,14.409,0.409,4.009,4.418
IT,anti_lgbt,IT_anti_lgbt_flipped.graphml,117,4,0.034,36,0.308,40,0.342,1.510,7.344,8.855,0.392,2.193,2.585
IT,anti_libertarianism,IT_anti_libertarianism_flipped.graphml,158,7,0.044,50,0.316,57,0.361,1.721,10.797,12.518,0.489,3.169,3.659
IT,anti_social_benefits_low_income,IT_anti_social_benefits_low_income_flipped.graphml,225,5,0.022,90,0.400,95,0.422,1.568,21.023,22.591,0.476,6.496,6.972
IT,anti_social_benefits_parents,IT_anti_social_benefits_parents_flipped.graphml,125,2,0.016,38,0.304,40,0.320,0.382,8.173,8.554,0.127,2.515,2.641
IT,authoritarianism,IT_authoritarianism_flipped.graphml,120,3,0.025,39,0.325,42,0.350,0.765,8.918,9.684,0.215,2.740,2.955
IT,benefits_harm_economy,IT_benefits_harm_economy_flipped.graphml,153,18,0.118,38,0.248,56,0.366,4.170,8.220,12.390,1.227,2.498,3.725
IT,benefits_harm_society,IT_benefits_harm_society_flipped.graphml,148,5,0.034,48,0.324,53,0.358,1.423,9.947,11.369,0.378,3.138,3.517
IT,climate_skepticism,IT_climate_skepticism_flipped.graphml,250,9,0.036,92,0.368,101,0.404,2.698,21.585,24.283,0.811,6.581,7.392
IT,educational_spending,IT_educational_spending_flipped.graphml,161,2,0.012,60,0.373,62,0.385,0.384,12.712,13.096,0.116,3.928,4.044
IT,euroscepticism,IT_euroscepticism_flipped.graphml,188,6,0.032,58,0.309,64,0.340,1.642,12.283,13.925,0.445,3.752,4.196
IT,gender_inequality,IT_gender_inequality_flipped.graphml,241,10,0.041,96,0.398,106,0.440,2.984,22.207,25.191,0.833,6.848,7.680
IT,left_right_identification,IT_left_right_identification_flipped.graphml,239,13,0.054,92,0.385,105,0.439,3.276,21.498,24.774,1.018,6.532,7.550
IT,welfare_chauvinism,IT_welfare_chauvinism_flipped.graphml,155,4,0.026,51,0.329,55,0.355,1.264,10.986,12.250,0.330,3.370,3.700
LT,anti_basic_income,LT_anti_basic_income_flipped.graphml,92,6,0.065,35,0.380,41,0.446,2.048,10.021,12.069,0.555,3.095,3.650
LT,anti_climate_ban_appliances,LT_anti_climate_ban_appliances_flipped.graphml,138,5,0.036,61,0.442,66,0.478,1.660,16.978,18.638,0.463,5.062,5.525
LT,anti_climate_change_renewables,LT_anti_climate_change_renewables_flipped.graphml,130,15,0.115,44,0.338,59,0.454,4.732,12.024,16.757,1.341,3.724,5.065
LT,anti_climate_change_taxes,LT_anti_climate_change_taxes_flipped.graphml,100,11,0.110,35,0.350,46,0.460,3.535,9.467,13.002,0.946,2.966,3.912
LT,anti_economic_interventionism,LT_anti_economic_interventionism_flipped.graphml,133,18,0.135,42,0.316,60,0.451,5.234,11.387,16.621,1.366,3.455,4.821
LT,anti_egalitarianism,LT_anti_egalitarianism_flipped.graphml,93,8,0.086,34,0.366,42,0.452,1.869,10.193,12.062,0.577,3.117,3.694
LT,anti_immigration,LT_anti_immigration_flipped.graphml,104,7,0.067,39,0.375,46,0.442,2.268,10.959,13.227,0.643,3.409,4.052
LT,anti_lgbt,LT_anti_lgbt_flipped.graphml,118,11,0.093,46,0.390,57,0.483,3.729,13.616,17.344,1.127,3.918,5.044
LT,anti_libertarianism,LT_anti_libertarianism_flipped.graphml,134,5,0.037,62,0.463,67,0.500,1.327,16.542,17.869,0.394,4.920,5.314
LT,anti_social_benefits_low_income,LT_anti_social_benefits_low_income_flipped.graphml,94,7,0.074,36,0.383,43,0.457,1.984,9.887,11.872,0.556,3.009,3.565
LT,anti_social_benefits_parents,LT_anti_social_benefits_parents_flipped.graphml,92,7,0.076,32,0.348,39,0.424,2.315,9.178,11.493,0.709,2.737,3.446
LT,authoritarianism,LT_authoritarianism_flipped.graphml,105,4,0.038,40,0.381,44,0.419,0.660,12.169,12.829,0.208,3.668,3.877
LT,benefits_harm_economy,LT_benefits_harm_economy_flipped.graphml,84,5,0.060,35,0.417,40,0.476,1.581,10.221,11.802,0.463,3.106,3.569
LT,benefits_harm_society,LT_benefits_harm_society_flipped.graphml,112,12,0.107,41,0.366,53,0.473,3.547,11.147,14.694,1.024,3.391,4.415
LT,climate_skepticism,LT_climate_skepticism_flipped.graphml,91,7,0.077,32,0.352,39,0.429,2.255,9.456,11.710,0.599,2.858,3.456
LT,educational_spending,LT_educational_spending_flipped.graphml,89,3,0.034,40,0.449,43,0.483,0.898,11.738,12.636,0.253,3.572,3.825
LT,euroscepticism,LT_euroscepticism_flipped.graphml,125,10,0.080,51,0.408,61,0.488,3.048,14.771,17.820,0.864,4.443,5.307
LT,gender_inequality,LT_gender_inequality_flipped.graphml,101,14,0.139,36,0.356,50,0.495,4.065,10.182,14.247,1.196,3.045,4.242
LT,left_right_identification,LT_left_right_identification_flipped.graphml,86,6,0.070,32,0.372,38,0.442,1.615,9.492,11.107,0.477,2.902,3.379
LT,welfare_chauvinism,LT_welfare_chauvinism_flipped.graphml,85,3,0.035,32,0.376,35,0.412,1.182,9.096,10.278,0.309,2.764,3.073
NL,anti_basic_income,NL_anti_basic_income_flipped.graphml,123,7,0.057,25,0.203,32,0.260,1.519,6.675,8.194,0.489,1.988,2.476
NL,anti_climate_ban_appliances,NL_anti_climate_ban_appliances_flipped.graphml,93,0,0.000,23,0.247,23,0.247,0.000,6.018,6.018,0.000,1.744,1.744
NL,anti_climate_change_renewables,NL_anti_climate_change_renewables_flipped.graphml,121,1,0.008,26,0.215,27,0.223,0.179,5.350,5.529,0.057,1.609,1.667
NL,anti_climate_change_taxes,NL_anti_climate_change_taxes_flipped.graphml,118,2,0.017,33,0.280,35,0.297,0.487,7.522,8.009,0.144,2.104,2.248
NL,anti_economic_interventionism,NL_anti_economic_interventionism_flipped.graphml,96,0,0.000,19,0.198,19,0.198,0.000,4.877,4.877,0.000,1.488,1.488
NL,anti_egalitarianism,NL_anti_egalitarianism_flipped.graphml,110,1,0.009,23,0.209,24,0.218,0.303,5.511,5.814,0.090,1.699,1.789
NL,anti_immigration,NL_anti_immigration_flipped.graphml,265,12,0.045,103,0.389,115,0.434,2.980,24.731,27.712,0.923,7.642,8.565
NL,anti_lgbt,NL_anti_lgbt_flipped.graphml,106,2,0.019,23,0.217,25,0.236,0.406,5.253,5.659,0.131,1.602,1.732
NL,anti_libertarianism,NL_anti_libertarianism_flipped.graphml,129,0,0.000,33,0.256,33,0.256,0.000,7.092,7.092,0.000,2.065,2.065
NL,anti_social_benefits_low_income,NL_anti_social_benefits_low_income_flipped.graphml,96,0,0.000,27,0.281,27,0.281,0.000,6.713,6.713,0.000,1.970,1.970
NL,anti_social_benefits_parents,NL_anti_social_benefits_parents_flipped.graphml,162,12,0.074,51,0.315,63,0.389,2.952,12.715,15.667,0.869,3.830,4.699
NL,authoritarianism,NL_authoritarianism_flipped.graphml,102,2,0.020,30,0.294,32,0.314,0.414,7.344,7.758,0.133,2.064,2.197
NL,benefits_harm_economy,NL_benefits_harm_economy_flipped.graphml,124,7,0.056,33,0.266,40,0.323,1.546,7.875,9.421,0.500,2.269,2.770
NL,benefits_harm_society,NL_benefits_harm_society_flipped.graphml,96,0,0.000,30,0.312,30,0.312,0.000,7.327,7.327,0.000,2.177,2.177
NL,climate_skepticism,NL_climate_skepticism_flipped.graphml,112,2,0.018,32,0.286,34,0.304,0.343,7.868,8.211,0.111,2.324,2.436
NL,educational_spending,NL_educational_spending_flipped.graphml,195,4,0.021,66,0.338,70,0.359,0.983,16.154,17.138,0.297,4.847,5.144
NL,euroscepticism,NL_euroscepticism_flipped.graphml,161,3,0.019,49,0.304,52,0.323,0.449,10.970,11.419,0.144,3.142,3.286
NL,gender_inequality,NL_gender_inequality_flipped.graphml,98,3,0.031,26,0.265,29,0.296,0.820,6.043,6.864,0.224,1.765,1.990
NL,left_right_identification,NL_left_right_identification_flipped.graphml,108,4,0.037,31,0.287,35,0.324,1.177,7.317,8.495,0.332,2.216,2.548
NL,welfare_chauvinism,NL_welfare_chauvinism_flipped.graphml,123,1,0.008,29,0.236,30,0.244,0.213,6.696,6.909,0.071,1.989,2.060
NO,anti_basic_income,NO_anti_basic_income_flipped.graphml,147,5,0.034,39,0.265,44,0.299,1.093,7.463,8.555,0.340,2.247,2.587
NO,anti_climate_ban_appliances,NO_anti_climate_ban_appliances_flipped.graphml,283,14,0.049,102,0.360,116,0.410,3.382,23.435,26.817,1.089,7.393,8.482
NO,anti_climate_change_renewables,NO_anti_climate_change_renewables_flipped.graphml,199,5,0.025,52,0.261,57,0.286,1.176,10.442,11.618,0.387,3.212,3.599
NO,anti_climate_change_taxes,NO_anti_climate_change_taxes_flipped.graphml,141,3,0.021,32,0.227,35,0.248,0.663,6.720,7.384,0.217,2.139,2.356
NO,anti_economic_interventionism,NO_anti_economic_interventionism_flipped.graphml,161,5,0.031,34,0.211,39,0.242,1.051,6.887,7.938,0.340,2.198,2.538
NO,anti_egalitarianism,NO_anti_egalitarianism_flipped.graphml,157,4,0.025,43,0.274,47,0.299,1.009,8.712,9.721,0.323,2.689,3.012
NO,anti_immigration,NO_anti_immigration_flipped.graphml,152,7,0.046,31,0.204,38,0.250,1.536,6.094,7.630,0.490,1.914,2.404
NO,anti_lgbt,NO_anti_lgbt_flipped.graphml,139,2,0.014,35,0.252,37,0.266,0.500,7.502,8.002,0.157,2.364,2.521
NO,anti_libertarianism,NO_anti_libertarianism_flipped.graphml,186,2,0.011,51,0.274,53,0.285,0.443,10.338,10.781,0.140,3.120,3.260
NO,anti_social_benefits_low_income,NO_anti_social_benefits_low_income_flipped.graphml,164,1,0.006,37,0.226,38,0.232,0.234,8.424,8.658,0.076,2.667,2.743
NO,anti_social_benefits_parents,NO_anti_social_benefits_parents_flipped.graphml,149,5,0.034,45,0.302,50,0.336,1.113,9.698,10.811,0.363,3.071,3.435
NO,authoritarianism,NO_authoritarianism_flipped.graphml,141,3,0.021,29,0.206,32,0.227,0.576,6.228,6.804,0.188,1.946,2.134
NO,benefits_harm_economy,NO_benefits_harm_economy_flipped.graphml,250,20,0.080,74,0.296,94,0.376,4.419,15.913,20.332,1.441,4.972,6.413
NO,benefits_harm_society,NO_benefits_harm_society_flipped.graphml,150,2,0.013,38,0.253,40,0.267,0.447,7.618,8.065,0.147,2.385,2.532
NO,climate_skepticism,NO_climate_skepticism_flipped.graphml,149,4,0.027,34,0.228,38,0.255,0.922,7.198,8.120,0.303,2.251,2.554
NO,educational_spending,NO_educational_spending_flipped.graphml,243,1,0.004,76,0.313,77,0.317,0.232,14.862,15.094,0.076,4.553,4.629
NO,euroscepticism,NO_euroscepticism_flipped.graphml,184,4,0.022,48,0.261,52,0.283,1.040,11.334,12.373,0.330,3.557,3.887
NO,gender_inequality,NO_gender_inequality_flipped.graphml,165,1,0.006,53,0.321,54,0.327,0.271,12.328,12.599,0.088,3.806,3.894
NO,left_right_identification,NO_left_right_identification_flipped.graphml,170,4,0.024,50,0.294,54,0.318,0.992,11.887,12.879,0.314,3.654,3.968
NO,welfare_chauvinism,NO_welfare_chauvinism_flipped.graphml,311,22,0.071,99,0.318,121,0.389,4.571,22.621,27.192,1.441,7.005,8.445
PL,anti_basic_income,PL_anti_basic_income_flipped.graphml,173,17,0.098,63,0.364,80,0.462,3.582,15.872,19.453,1.138,4.920,6.058
PL,anti_climate_ban_appliances,PL_anti_climate_ban_appliances_flipped.graphml,180,16,0.089,52,0.289,68,0.378,3.267,12.074,15.341,1.028,3.618,4.647
PL,anti_climate_change_renewables,PL_anti_climate_change_renewables_flipped.graphml,94,3,0.032,34,0.362,37,0.394,0.635,9.065,9.699,0.202,2.845,3.047
PL,anti_climate_change_taxes,PL_anti_climate_change_taxes_flipped.graphml,152,7,0.046,50,0.329,57,0.375,1.409,11.841,13.250,0.441,3.593,4.034
PL,anti_economic_interventionism,PL_anti_economic_interventionism_flipped.graphml,254,40,0.157,83,0.327,123,0.484,9.172,21.725,30.897,2.774,6.559,9.333
PL,anti_egalitarianism,PL_anti_egalitarianism_flipped.graphml,121,4,0.033,41,0.339,45,0.372,0.782,10.158,10.940,0.250,3.179,3.428
PL,anti_immigration,PL_anti_immigration_flipped.graphml,140,4,0.029,50,0.357,54,0.386,0.803,12.355,13.158,0.259,3.896,4.155
PL,anti_lgbt,PL_anti_lgbt_flipped.graphml,88,6,0.068,27,0.307,33,0.375,1.467,7.404,8.872,0.471,2.331,2.802
PL,anti_libertarianism,PL_anti_libertarianism_flipped.graphml,119,5,0.042,42,0.353,47,0.395,1.025,10.232,11.257,0.333,3.096,3.429
PL,anti_social_benefits_low_income,PL_anti_social_benefits_low_income_flipped.graphml,165,18,0.109,60,0.364,78,0.473,3.364,14.731,18.095,1.015,4.481,5.496
PL,anti_social_benefits_parents,PL_anti_social_benefits_parents_flipped.graphml,175,17,0.097,66,0.377,83,0.474,3.586,16.178,19.764,1.074,4.899,5.973
PL,authoritarianism,PL_authoritarianism_flipped.graphml,149,1,0.007,55,0.369,56,0.376,0.220,12.998,13.219,0.072,4.080,4.152
PL,benefits_harm_economy,PL_benefits_harm_economy_flipped.graphml,111,13,0.117,37,0.333,50,0.450,2.753,9.151,11.903,0.794,2.766,3.560
PL,benefits_harm_society,PL_benefits_harm_society_flipped.graphml,132,5,0.038,49,0.371,54,0.409,1.158,11.974,13.132,0.368,3.709,4.078
PL,climate_skepticism,PL_climate_skepticism_flipped.graphml,172,19,0.110,56,0.326,75,0.436,4.173,14.570,18.743,1.301,4.444,5.745
PL,educational_spending,PL_educational_spending_flipped.graphml,161,9,0.056,64,0.398,73,0.453,1.841,16.144,17.986,0.548,4.999,5.547
PL,euroscepticism,PL_euroscepticism_flipped.graphml,111,6,0.054,29,0.261,35,0.315,1.587,7.504,9.091,0.497,2.343,2.840
PL,gender_inequality,PL_gender_inequality_flipped.graphml,226,27,0.119,84,0.372,111,0.491,6.326,22.121,28.447,1.922,6.874,8.797
PL,left_right_identification,PL_left_right_identification_flipped.graphml,167,17,0.102,56,0.335,73,0.437,3.748,14.070,17.817,1.178,4.308,5.487
PL,welfare_chauvinism,PL_welfare_chauvinism_flipped.graphml,106,4,0.038,32,0.302,36,0.340,0.962,7.977,8.939,0.316,2.483,2.799
PT,anti_basic_income,PT_anti_basic_income_flipped.graphml,129,8,0.062,43,0.333,51,0.395,1.817,9.656,11.473,0.529,2.873,3.402
PT,anti_climate_ban_appliances,PT_anti_climate_ban_appliances_flipped.graphml,108,0,0.000,40,0.370,40,0.370,0.000,8.910,8.910,0.000,2.741,2.741
PT,anti_climate_change_renewables,PT_anti_climate_change_renewables_flipped.graphml,271,13,0.048,119,0.439,132,0.487,3.246,27.357,30.603,1.000,8.546,9.545
PT,anti_climate_change_taxes,PT_anti_climate_change_taxes_flipped.graphml,72,0,0.000,26,0.361,26,0.361,0.000,6.339,6.339,0.000,2.008,2.008
PT,anti_economic_interventionism,PT_anti_economic_interventionism_flipped.graphml,79,2,0.025,23,0.291,25,0.316,0.463,5.093,5.557,0.151,1.572,1.724
PT,anti_egalitarianism,PT_anti_egalitarianism_flipped.graphml,112,6,0.054,50,0.446,56,0.500,1.412,12.753,14.164,0.385,3.740,4.125
PT,anti_immigration,PT_anti_immigration_flipped.graphml,103,5,0.049,33,0.320,38,0.369,1.146,7.784,8.930,0.334,2.400,2.733
PT,anti_lgbt,PT_anti_lgbt_flipped.graphml,106,2,0.019,41,0.387,43,0.406,0.966,8.373,9.338,0.295,2.529,2.825
PT,anti_libertarianism,PT_anti_libertarianism_flipped.graphml,220,9,0.041,99,0.450,108,0.491,1.939,23.528,25.467,0.600,7.171,7.771
PT,anti_social_benefits_low_income,PT_anti_social_benefits_low_income_flipped.graphml,108,0,0.000,36,0.333,36,0.333,0.000,9.070,9.070,0.000,2.731,2.731
PT,anti_social_benefits_parents,PT_anti_social_benefits_parents_flipped.graphml,260,21,0.081,106,0.408,127,0.488,5.480,24.876,30.356,1.690,7.753,9.443
PT,authoritarianism,PT_authoritarianism_flipped.graphml,83,0,0.000,29,0.349,29,0.349,0.000,6.610,6.610,0.000,2.093,2.093
PT,benefits_harm_economy,PT_benefits_harm_economy_flipped.graphml,139,2,0.014,60,0.432,62,0.446,0.462,14.571,15.033,0.130,4.396,4.526
PT,benefits_harm_society,PT_benefits_harm_society_flipped.graphml,170,1,0.006,72,0.424,73,0.429,0.246,16.125,16.371,0.067,4.983,5.051
PT,climate_skepticism,PT_climate_skepticism_flipped.graphml,145,3,0.021,48,0.331,51,0.352,0.812,9.926,10.737,0.202,3.009,3.211
PT,educational_spending,PT_educational_spending_flipped.graphml,117,2,0.017,41,0.350,43,0.368,0.429,9.221,9.650,0.112,2.825,2.937
PT,euroscepticism,PT_euroscepticism_flipped.graphml,102,4,0.039,33,0.324,37,0.363,0.818,7.627,8.445,0.265,2.383,2.648
PT,gender_inequality,PT_gender_inequality_flipped.graphml,110,5,0.045,32,0.291,37,0.336,1.350,6.764,8.113,0.409,2.103,2.512
PT,left_right_identification,PT_left_right_identification_flipped.graphml,252,11,0.044,112,0.444,123,0.488,2.908,23.467,26.375,0.840,7.369,8.209
PT,welfare_chauvinism,PT_welfare_chauvinism_flipped.graphml,125,4,0.032,52,0.416,56,0.448,0.981,11.596,12.577,0.271,3.524,3.795
RU,anti_basic_income,RU_anti_basic_income_flipped.graphml,170,17,0.100,68,0.400,85,0.500,4.629,16.433,21.062,1.312,4.930,6.242
RU,anti_climate_ban_appliances,RU_anti_climate_ban_appliances_flipped.graphml,182,10,0.055,73,0.401,83,0.456,2.968,16.953,19.921,0.844,5.075,5.920
RU,anti_climate_change_renewables,RU_anti_climate_change_renewables_flipped.graphml,232,33,0.142,76,0.328,109,0.470,9.560,16.790,26.350,2.599,5.105,7.703
RU,anti_climate_change_taxes,RU_anti_climate_change_taxes_flipped.graphml,148,5,0.034,65,0.439,70,0.473,1.475,16.031,17.506,0.433,4.850,5.283
RU,anti_economic_interventionism,RU_anti_economic_interventionism_flipped.graphml,188,16,0.085,68,0.362,84,0.447,4.204,15.811,20.015,1.232,4.796,6.027
RU,anti_egalitarianism,RU_anti_egalitarianism_flipped.graphml,143,15,0.105,48,0.336,63,0.441,4.045,12.200,16.245,1.208,3.730,4.937
RU,anti_immigration,RU_anti_immigration_flipped.graphml,167,12,0.072,64,0.383,76,0.455,3.279,15.954,19.233,0.979,4.817,5.796
RU,anti_lgbt,RU_anti_lgbt_flipped.graphml,169,17,0.101,58,0.343,75,0.444,4.691,13.218,17.908,1.323,3.994,5.317
RU,anti_libertarianism,RU_anti_libertarianism_flipped.graphml,193,11,0.057,80,0.415,91,0.472,2.716,18.238,20.954,0.810,5.539,6.349
RU,anti_social_benefits_low_income,RU_anti_social_benefits_low_income_flipped.graphml,215,15,0.070,93,0.433,108,0.502,4.037,22.555,26.592,1.171,6.945,8.116
RU,anti_social_benefits_parents,RU_anti_social_benefits_parents_flipped.graphml,165,8,0.048,73,0.442,81,0.491,2.219,17.138,19.357,0.694,5.146,5.840
RU,authoritarianism,RU_authoritarianism_flipped.graphml,133,4,0.030,58,0.436,62,0.466,1.052,14.742,15.794,0.315,4.569,4.884
RU,benefits_harm_economy,RU_benefits_harm_economy_flipped.graphml,172,13,0.076,66,0.384,79,0.459,3.405,15.916,19.321,0.979,4.746,5.725
RU,benefits_harm_society,RU_benefits_harm_society_flipped.graphml,181,10,0.055,72,0.398,82,0.453,2.558,16.791,19.349,0.719,5.056,5.775
RU,climate_skepticism,RU_climate_skepticism_flipped.graphml,168,15,0.089,65,0.387,80,0.476,4.103,15.501,19.603,1.223,4.840,6.063
RU,educational_spending,RU_educational_spending_flipped.graphml,172,9,0.052,70,0.407,79,0.459,2.626,16.709,19.335,0.752,4.991,5.743
RU,euroscepticism,RU_euroscepticism_flipped.graphml,172,16,0.093,66,0.384,82,0.477,3.948,15.893,19.841,1.151,4.801,5.951
RU,gender_inequality,RU_gender_inequality_flipped.graphml,188,11,0.059,75,0.399,86,0.457,3.005,17.742,20.747,0.841,5.337,6.178
RU,left_right_identification,RU_left_right_identification_flipped.graphml,155,12,0.077,56,0.361,68,0.439,3.366,12.887,16.253,1.016,4.014,5.030
RU,welfare_chauvinism,RU_welfare_chauvinism_flipped.graphml,153,9,0.059,58,0.379,67,0.438,2.766,13.611,16.377,0.826,4.223,5.048
SE,anti_basic_income,SE_anti_basic_income_flipped.graphml,185,6,0.032,62,0.335,68,0.368,1.419,14.691,16.110,0.457,4.346,4.802
SE,anti_climate_ban_appliances,SE_anti_climate_ban_appliances_flipped.graphml,141,2,0.014,43,0.305,45,0.319,0.273,9.529,9.802,0.089,2.916,3.005
SE,anti_climate_change_renewables,SE_anti_climate_change_renewables_flipped.graphml,175,6,0.034,59,0.337,65,0.371,1.211,13.714,14.925,0.394,4.117,4.511
SE,anti_climate_change_taxes,SE_anti_climate_change_taxes_flipped.graphml,156,4,0.026,45,0.288,49,0.314,0.953,10.953,11.906,0.288,3.396,3.684
SE,anti_economic_interventionism,SE_anti_economic_interventionism_flipped.graphml,216,14,0.065,74,0.343,88,0.407,3.537,18.607,22.144,1.136,5.684,6.820
SE,anti_egalitarianism,SE_anti_egalitarianism_flipped.graphml,163,4,0.025,51,0.313,55,0.337,1.342,10.886,12.228,0.402,3.294,3.696
SE,anti_immigration,SE_anti_immigration_flipped.graphml,149,6,0.040,44,0.295,50,0.336,1.566,10.219,11.785,0.482,3.146,3.628
SE,anti_lgbt,SE_anti_lgbt_flipped.graphml,131,5,0.038,43,0.328,48,0.366,1.399,10.281,11.680,0.444,3.212,3.656
SE,anti_libertarianism,SE_anti_libertarianism_flipped.graphml,169,2,0.012,54,0.320,56,0.331,0.525,12.334,12.859,0.162,3.817,3.979
SE,anti_social_benefits_low_income,SE_anti_social_benefits_low_income_flipped.graphml,142,1,0.007,44,0.310,45,0.317,0.178,10.176,10.354,0.056,3.110,3.166
SE,anti_social_benefits_parents,SE_anti_social_benefits_parents_flipped.graphml,200,5,0.025,77,0.385,82,0.410,1.176,19.766,20.942,0.370,6.212,6.583
SE,authoritarianism,SE_authoritarianism_flipped.graphml,114,1,0.009,38,0.333,39,0.342,0.232,10.690,10.921,0.077,3.327,3.404
SE,benefits_harm_economy,SE_benefits_harm_economy_flipped.graphml,246,15,0.061,84,0.341,99,0.402,3.477,20.708,24.185,1.041,6.308,7.349
SE,benefits_harm_society,SE_benefits_harm_society_flipped.graphml,232,3,0.013,92,0.397,95,0.409,0.675,23.354,24.029,0.216,7.183,7.398
SE,climate_skepticism,SE_climate_skepticism_flipped.graphml,157,3,0.019,51,0.325,54,0.344,0.584,11.955,12.540,0.180,3.675,3.855
SE,educational_spending,SE_educational_spending_flipped.graphml,135,2,0.015,35,0.259,37,0.274,0.416,8.372,8.787,0.124,2.611,2.735
SE,euroscepticism,SE_euroscepticism_flipped.graphml,113,1,0.009,36,0.319,37,0.327,0.204,8.916,9.120,0.067,2.731,2.797
SE,gender_inequality,SE_gender_inequality_flipped.graphml,214,11,0.051,77,0.360,88,0.411,3.286,19.012,22.298,0.971,5.877,6.848
SE,left_right_identification,SE_left_right_identification_flipped.graphml,208,6,0.029,68,0.327,74,0.356,1.108,15.068,16.176,0.333,4.515,4.848
SE,welfare_chauvinism,SE_welfare_chauvinism_flipped.graphml,153,5,0.033,45,0.294,50,0.327,0.880,10.280,11.160,0.287,3.194,3.480
SI,anti_basic_income,SI_anti_basic_income_flipped.graphml,269,23,0.086,112,0.416,135,0.502,6.114,26.335,32.449,1.929,8.215,10.144
SI,anti_climate_ban_appliances,SI_anti_climate_ban_appliances_flipped.graphml,196,12,0.061,73,0.372,85,0.434,2.731,16.511,19.243,0.863,5.165,6.028
SI,anti_climate_change_renewables,SI_anti_climate_change_renewables_flipped.graphml,145,8,0.055,48,0.331,56,0.386,1.851,10.318,12.169,0.580,3.258,3.838
SI,anti_climate_change_taxes,SI_anti_climate_change_taxes_flipped.graphml,172,13,0.076,68,0.395,81,0.471,2.946,14.624,17.570,0.941,4.465,5.406
SI,anti_economic_interventionism,SI_anti_economic_interventionism_flipped.graphml,124,9,0.073,41,0.331,50,0.403,2.146,8.957,11.103,0.689,2.796,3.485
SI,anti_egalitarianism,SI_anti_egalitarianism_flipped.graphml,193,27,0.140,60,0.311,87,0.451,5.311,11.978,17.289,1.690,3.767,5.457
SI,anti_immigration,SI_anti_immigration_flipped.graphml,130,8,0.062,38,0.292,46,0.354,1.775,7.398,9.173,0.567,2.321,2.887
SI,anti_lgbt,SI_anti_lgbt_flipped.graphml,169,11,0.065,62,0.367,73,0.432,2.708,13.304,16.012,0.848,4.158,5.006
SI,anti_libertarianism,SI_anti_libertarianism_flipped.graphml,219,13,0.059,92,0.420,105,0.479,2.973,22.330,25.303,0.965,7.055,8.020
SI,anti_social_benefits_low_income,SI_anti_social_benefits_low_income_flipped.graphml,103,0,0.000,36,0.350,36,0.350,0.000,7.818,7.818,0.000,2.467,2.467
SI,anti_social_benefits_parents,SI_anti_social_benefits_parents_flipped.graphml,113,9,0.080,39,0.345,48,0.425,1.748,8.200,9.949,0.556,2.566,3.121
SI,authoritarianism,SI_authoritarianism_flipped.graphml,136,4,0.029,51,0.375,55,0.404,0.955,11.588,12.543,0.309,3.558,3.866
SI,benefits_harm_economy,SI_benefits_harm_economy_flipped.graphml,125,14,0.112,37,0.296,51,0.408,3.524,8.146,11.669,1.128,2.532,3.660
SI,benefits_harm_society,SI_benefits_harm_society_flipped.graphml,142,10,0.070,47,0.331,57,0.401,2.147,10.040,12.187,0.677,3.162,3.839
SI,climate_skepticism,SI_climate_skepticism_flipped.graphml,247,27,0.109,84,0.340,111,0.449,6.110,17.580,23.691,1.973,5.493,7.467
SI,educational_spending,SI_educational_spending_flipped.graphml,162,4,0.025,75,0.463,79,0.488,0.960,16.985,17.945,0.301,5.336,5.636
SI,euroscepticism,SI_euroscepticism_flipped.graphml,181,11,0.061,73,0.403,84,0.464,2.933,17.083,20.016,0.962,5.397,6.359
SI,gender_inequality,SI_gender_inequality_flipped.graphml,110,6,0.055,29,0.264,35,0.318,1.657,6.740,8.397,0.520,2.153,2.673
SI,left_right_identification,SI_left_right_identification_flipped.graphml,94,6,0.064,30,0.319,36,0.383,1.198,7.111,8.308,0.383,2.187,2.570
SI,welfare_chauvinism,SI_welfare_chauvinism_flipped.graphml,171,13,0.076,65,0.380,78,0.456,2.892,13.924,16.816,0.897,4.253,5.150
