country,sample,file_name,total_triangles,ratio_three_negative,ratio_two_positive_one_negative,overall_mean_absolute_weight,three_negative_mean_absolute_weight,two_positive_one_negative_mean_absolute_weight,overall_mean_onnela_geometric_mean,three_negative_mean_onnela_geometric_mean,two_positive_one_negative_mean_onnela_geometric_mean
AT,anti_basic_income,AT_anti_basic_income_flipped.graphml,124,0.032,0.234,0.096,0.075,0.094,0.084,0.062,0.082
AT,anti_climate_ban_appliances,AT_anti_climate_ban_appliances_flipped.graphml,136,0.015,0.287,0.091,0.062,0.087,0.079,0.053,0.077
AT,anti_climate_change_renewables,AT_anti_climate_change_renewables_flipped.graphml,116,0.017,0.293,0.092,0.099,0.087,0.082,0.086,0.079
AT,anti_climate_change_taxes,AT_anti_climate_change_taxes_flipped.graphml,135,0.030,0.222,0.090,0.090,0.079,0.078,0.081,0.071
AT,anti_economic_interventionism,AT_anti_economic_interventionism_flipped.graphml,103,0.039,0.194,0.099,0.099,0.101,0.085,0.085,0.089
AT,anti_egalitarianism,AT_anti_egalitarianism_flipped.graphml,110,0.055,0.182,0.097,0.094,0.092,0.086,0.085,0.084
AT,anti_immigration,AT_anti_immigration_flipped.graphml,132,0.053,0.250,0.090,0.064,0.085,0.080,0.058,0.076
AT,anti_lgbt,AT_anti_lgbt_flipped.graphml,149,0.047,0.242,0.090,0.079,0.082,0.078,0.070,0.071
AT,anti_libertarianism,AT_anti_libertarianism_flipped.graphml,112,0.009,0.214,0.098,0.061,0.096,0.086,0.055,0.085
AT,anti_social_benefits_low_income,AT_anti_social_benefits_low_income_flipped.graphml,114,0.000,0.263,0.096,,0.090,0.085,,0.082
AT,anti_social_benefits_parents,AT_anti_social_benefits_parents_flipped.graphml,131,0.046,0.237,0.094,0.088,0.090,0.083,0.075,0.078
AT,authoritarianism,AT_authoritarianism_flipped.graphml,106,0.009,0.217,0.100,0.065,0.098,0.088,0.053,0.088
AT,benefits_harm_economy,AT_benefits_harm_economy_flipped.graphml,138,0.036,0.326,0.090,0.083,0.083,0.080,0.073,0.075
AT,benefits_harm_society,AT_benefits_harm_society_flipped.graphml,136,0.022,0.250,0.093,0.067,0.090,0.081,0.051,0.081
AT,climate_skepticism,AT_climate_skepticism_flipped.graphml,106,0.009,0.255,0.097,0.099,0.094,0.085,0.077,0.085
AT,educational_spending,AT_educational_spending_flipped.graphml,189,0.011,0.323,0.089,0.066,0.083,0.079,0.064,0.076
AT,euroscepticism,AT_euroscepticism_flipped.graphml,133,0.015,0.248,0.090,0.071,0.083,0.080,0.062,0.075
AT,gender_inequality,AT_gender_inequality_flipped.graphml,110,0.009,0.236,0.097,0.084,0.097,0.086,0.071,0.087
AT,left_right_identification,AT_left_right_identification_flipped.graphml,125,0.080,0.200,0.091,0.067,0.094,0.080,0.060,0.085
AT,welfare_chauvinism,AT_welfare_chauvinism_flipped.graphml,134,0.037,0.254,0.090,0.061,0.087,0.080,0.056,0.078
BE,anti_basic_income,BE_anti_basic_income_flipped.graphml,197,0.036,0.284,0.077,0.074,0.068,0.069,0.072,0.062
BE,anti_climate_ban_appliances,BE_anti_climate_ban_appliances_flipped.graphml,176,0.011,0.233,0.079,0.072,0.076,0.071,0.062,0.069
BE,anti_climate_change_renewables,BE_anti_climate_change_renewables_flipped.graphml,178,0.028,0.331,0.076,0.052,0.074,0.069,0.040,0.064
BE,anti_climate_change_taxes,BE_anti_climate_change_taxes_flipped.graphml,153,0.039,0.333,0.080,0.085,0.073,0.074,0.074,0.067
BE,anti_economic_interventionism,BE_anti_economic_interventionism_flipped.graphml,153,0.052,0.288,0.082,0.070,0.074,0.076,0.063,0.068
BE,anti_egalitarianism,BE_anti_egalitarianism_flipped.graphml,157,0.032,0.331,0.081,0.083,0.074,0.074,0.072,0.067
BE,anti_immigration,BE_anti_immigration_flipped.graphml,188,0.021,0.340,0.075,0.083,0.069,0.068,0.071,0.061
BE,anti_lgbt,BE_anti_lgbt_flipped.graphml,170,0.012,0.282,0.078,0.102,0.072,0.070,0.075,0.065
BE,anti_libertarianism,BE_anti_libertarianism_flipped.graphml,150,0.007,0.333,0.082,0.055,0.077,0.075,0.049,0.070
BE,anti_social_benefits_low_income,BE_anti_social_benefits_low_income_flipped.graphml,140,0.000,0.286,0.085,,0.077,0.078,,0.071
BE,anti_social_benefits_parents,BE_anti_social_benefits_parents_flipped.graphml,135,0.007,0.281,0.083,0.078,0.076,0.076,0.074,0.069
BE,authoritarianism,BE_authoritarianism_flipped.graphml,192,0.005,0.286,0.075,0.082,0.067,0.068,0.065,0.061
BE,benefits_harm_economy,BE_benefits_harm_economy_flipped.graphml,264,0.049,0.337,0.075,0.069,0.069,0.068,0.062,0.064
BE,benefits_harm_society,BE_benefits_harm_society_flipped.graphml,177,0.011,0.339,0.079,0.083,0.074,0.073,0.071,0.069
BE,climate_skepticism,BE_climate_skepticism_flipped.graphml,234,0.056,0.333,0.078,0.066,0.074,0.072,0.061,0.069
BE,educational_spending,BE_educational_spending_flipped.graphml,237,0.017,0.392,0.074,0.059,0.067,0.067,0.057,0.060
BE,euroscepticism,BE_euroscepticism_flipped.graphml,187,0.016,0.305,0.077,0.054,0.070,0.068,0.053,0.063
BE,gender_inequality,BE_gender_inequality_flipped.graphml,171,0.006,0.327,0.079,0.068,0.070,0.071,0.055,0.064
BE,left_right_identification,BE_left_right_identification_flipped.graphml,140,0.029,0.271,0.082,0.076,0.078,0.075,0.067,0.072
BE,welfare_chauvinism,BE_welfare_chauvinism_flipped.graphml,178,0.034,0.315,0.080,0.074,0.076,0.074,0.069,0.070
CH,anti_basic_income,CH_anti_basic_income_flipped.graphml,115,0.026,0.165,0.091,0.082,0.079,0.083,0.076,0.072
CH,anti_climate_ban_appliances,CH_anti_climate_ban_appliances_flipped.graphml,107,0.009,0.243,0.089,0.102,0.076,0.082,0.095,0.071
CH,anti_climate_change_renewables,CH_anti_climate_change_renewables_flipped.graphml,248,0.069,0.367,0.079,0.067,0.076,0.074,0.063,0.070
CH,anti_climate_change_taxes,CH_anti_climate_change_taxes_flipped.graphml,123,0.016,0.285,0.090,0.105,0.079,0.083,0.091,0.072
CH,anti_economic_interventionism,CH_anti_economic_interventionism_flipped.graphml,166,0.060,0.241,0.080,0.075,0.072,0.069,0.055,0.061
CH,anti_egalitarianism,CH_anti_egalitarianism_flipped.graphml,165,0.067,0.255,0.087,0.079,0.080,0.079,0.071,0.073
CH,anti_immigration,CH_anti_immigration_flipped.graphml,140,0.036,0.286,0.085,0.086,0.077,0.077,0.072,0.067
CH,anti_lgbt,CH_anti_lgbt_flipped.graphml,99,0.020,0.222,0.094,0.103,0.078,0.088,0.081,0.073
CH,anti_libertarianism,CH_anti_libertarianism_flipped.graphml,140,0.014,0.214,0.085,0.091,0.074,0.078,0.085,0.068
CH,anti_social_benefits_low_income,CH_anti_social_benefits_low_income_flipped.graphml,219,0.023,0.329,0.079,0.053,0.072,0.072,0.051,0.067
CH,anti_social_benefits_parents,CH_anti_social_benefits_parents_flipped.graphml,133,0.038,0.278,0.089,0.073,0.078,0.082,0.070,0.072
CH,authoritarianism,CH_authoritarianism_flipped.graphml,117,0.017,0.239,0.091,0.093,0.087,0.084,0.091,0.078
CH,benefits_harm_economy,CH_benefits_harm_economy_flipped.graphml,119,0.025,0.218,0.090,0.088,0.083,0.081,0.075,0.073
CH,benefits_harm_society,CH_benefits_harm_society_flipped.graphml,119,0.034,0.235,0.092,0.084,0.085,0.083,0.075,0.077
CH,climate_skepticism,CH_climate_skepticism_flipped.graphml,149,0.020,0.255,0.085,0.083,0.079,0.079,0.076,0.072
CH,educational_spending,CH_educational_spending_flipped.graphml,248,0.028,0.363,0.084,0.078,0.083,0.078,0.073,0.077
CH,euroscepticism,CH_euroscepticism_flipped.graphml,168,0.036,0.339,0.087,0.081,0.081,0.078,0.071,0.070
CH,gender_inequality,CH_gender_inequality_flipped.graphml,196,0.036,0.332,0.088,0.095,0.085,0.080,0.088,0.077
CH,left_right_identification,CH_left_right_identification_flipped.graphml,158,0.032,0.241,0.087,0.075,0.083,0.079,0.072,0.076
CH,welfare_chauvinism,CH_welfare_chauvinism_flipped.graphml,187,0.016,0.342,0.082,0.100,0.076,0.074,0.093,0.068
CZ,anti_basic_income,CZ_anti_basic_income_flipped.graphml,227,0.062,0.379,0.080,0.089,0.075,0.072,0.079,0.068
CZ,anti_climate_ban_appliances,CZ_anti_climate_ban_appliances_flipped.graphml,256,0.062,0.418,0.084,0.093,0.079,0.075,0.084,0.071
CZ,anti_climate_change_renewables,CZ_anti_climate_change_renewables_flipped.graphml,271,0.066,0.380,0.081,0.090,0.078,0.072,0.077,0.069
CZ,anti_climate_change_taxes,CZ_anti_climate_change_taxes_flipped.graphml,218,0.055,0.431,0.087,0.097,0.082,0.077,0.085,0.074
CZ,anti_economic_interventionism,CZ_anti_economic_interventionism_flipped.graphml,203,0.089,0.360,0.082,0.085,0.074,0.074,0.077,0.067
CZ,anti_egalitarianism,CZ_anti_egalitarianism_flipped.graphml,193,0.062,0.404,0.085,0.089,0.077,0.077,0.084,0.070
CZ,anti_immigration,CZ_anti_immigration_flipped.graphml,284,0.053,0.415,0.080,0.086,0.075,0.071,0.075,0.067
CZ,anti_lgbt,CZ_anti_lgbt_flipped.graphml,223,0.045,0.350,0.079,0.115,0.072,0.071,0.098,0.064
CZ,anti_libertarianism,CZ_anti_libertarianism_flipped.graphml,196,0.046,0.372,0.082,0.077,0.077,0.073,0.072,0.069
CZ,anti_social_benefits_low_income,CZ_anti_social_benefits_low_income_flipped.graphml,200,0.040,0.420,0.086,0.103,0.082,0.077,0.091,0.073
CZ,anti_social_benefits_parents,CZ_anti_social_benefits_parents_flipped.graphml,250,0.080,0.372,0.081,0.077,0.075,0.071,0.068,0.066
CZ,authoritarianism,CZ_authoritarianism_flipped.graphml,227,0.040,0.423,0.081,0.071,0.077,0.073,0.068,0.070
CZ,benefits_harm_economy,CZ_benefits_harm_economy_flipped.graphml,242,0.074,0.393,0.083,0.083,0.077,0.073,0.073,0.069
CZ,benefits_harm_society,CZ_benefits_harm_society_flipped.graphml,276,0.065,0.409,0.081,0.089,0.076,0.072,0.077,0.069
CZ,climate_skepticism,CZ_climate_skepticism_flipped.graphml,214,0.047,0.435,0.085,0.086,0.081,0.075,0.078,0.071
CZ,educational_spending,CZ_educational_spending_flipped.graphml,290,0.038,0.441,0.079,0.095,0.076,0.069,0.073,0.067
CZ,euroscepticism,CZ_euroscepticism_flipped.graphml,202,0.069,0.371,0.084,0.095,0.078,0.075,0.085,0.071
CZ,gender_inequality,CZ_gender_inequality_flipped.graphml,243,0.037,0.403,0.081,0.088,0.075,0.071,0.076,0.067
CZ,left_right_identification,CZ_left_right_identification_flipped.graphml,246,0.057,0.423,0.084,0.081,0.081,0.075,0.074,0.072
CZ,welfare_chauvinism,CZ_welfare_chauvinism_flipped.graphml,223,0.054,0.417,0.082,0.084,0.077,0.073,0.073,0.068
DE,anti_basic_income,DE_anti_basic_income_flipped.graphml,218,0.064,0.257,0.074,0.061,0.062,0.066,0.058,0.057
DE,anti_climate_ban_appliances,DE_anti_climate_ban_appliances_flipped.graphml,258,0.031,0.264,0.077,0.057,0.069,0.069,0.051,0.063
DE,anti_climate_change_renewables,DE_anti_climate_change_renewables_flipped.graphml,241,0.029,0.290,0.074,0.062,0.062,0.066,0.055,0.057
DE,anti_climate_change_taxes,DE_anti_climate_change_taxes_flipped.graphml,240,0.008,0.312,0.075,0.041,0.064,0.066,0.039,0.057
DE,anti_economic_interventionism,DE_anti_economic_interventionism_flipped.graphml,286,0.024,0.276,0.073,0.073,0.062,0.065,0.071,0.057
DE,anti_egalitarianism,DE_anti_egalitarianism_flipped.graphml,241,0.021,0.266,0.073,0.081,0.065,0.063,0.071,0.057
DE,anti_immigration,DE_anti_immigration_flipped.graphml,265,0.026,0.309,0.076,0.045,0.069,0.068,0.043,0.062
DE,anti_lgbt,DE_anti_lgbt_flipped.graphml,245,0.041,0.269,0.075,0.053,0.069,0.068,0.050,0.063
DE,anti_libertarianism,DE_anti_libertarianism_flipped.graphml,199,0.010,0.296,0.081,0.068,0.070,0.073,0.064,0.063
DE,anti_social_benefits_low_income,DE_anti_social_benefits_low_income_flipped.graphml,170,0.000,0.294,0.083,,0.071,0.076,,0.065
DE,anti_social_benefits_parents,DE_anti_social_benefits_parents_flipped.graphml,227,0.035,0.260,0.073,0.049,0.063,0.065,0.047,0.057
DE,authoritarianism,DE_authoritarianism_flipped.graphml,211,0.014,0.265,0.078,0.059,0.070,0.072,0.059,0.066
DE,benefits_harm_economy,DE_benefits_harm_economy_flipped.graphml,202,0.040,0.243,0.080,0.078,0.070,0.072,0.075,0.065
DE,benefits_harm_society,DE_benefits_harm_society_flipped.graphml,217,0.009,0.295,0.077,0.050,0.067,0.070,0.048,0.062
DE,climate_skepticism,DE_climate_skepticism_flipped.graphml,199,0.005,0.276,0.079,0.051,0.070,0.071,0.049,0.065
DE,educational_spending,DE_educational_spending_flipped.graphml,212,0.005,0.269,0.079,0.048,0.070,0.071,0.046,0.063
DE,euroscepticism,DE_euroscepticism_flipped.graphml,237,0.025,0.270,0.075,0.052,0.068,0.067,0.051,0.062
DE,gender_inequality,DE_gender_inequality_flipped.graphml,201,0.005,0.294,0.079,0.078,0.071,0.071,0.075,0.065
DE,left_right_identification,DE_left_right_identification_flipped.graphml,194,0.026,0.242,0.080,0.066,0.071,0.073,0.060,0.066
DE,welfare_chauvinism,DE_welfare_chauvinism_flipped.graphml,278,0.054,0.302,0.072,0.056,0.066,0.063,0.051,0.057
EE,anti_basic_income,EE_anti_basic_income_flipped.graphml,184,0.082,0.228,0.076,0.077,0.071,0.068,0.070,0.064
EE,anti_climate_ban_appliances,EE_anti_climate_ban_appliances_flipped.graphml,114,0.079,0.246,0.084,0.071,0.077,0.075,0.062,0.071
EE,anti_climate_change_renewables,EE_anti_climate_change_renewables_flipped.graphml,269,0.078,0.368,0.082,0.075,0.078,0.076,0.069,0.073
EE,anti_climate_change_taxes,EE_anti_climate_change_taxes_flipped.graphml,158,0.057,0.253,0.076,0.060,0.072,0.069,0.058,0.067
EE,anti_economic_interventionism,EE_anti_economic_interventionism_flipped.graphml,170,0.029,0.294,0.076,0.076,0.067,0.067,0.066,0.061
EE,anti_egalitarianism,EE_anti_egalitarianism_flipped.graphml,117,0.034,0.265,0.083,0.068,0.076,0.075,0.062,0.070
EE,anti_immigration,EE_anti_immigration_flipped.graphml,111,0.036,0.279,0.086,0.101,0.077,0.075,0.085,0.069
EE,anti_lgbt,EE_anti_lgbt_flipped.graphml,119,0.034,0.277,0.080,0.093,0.068,0.071,0.091,0.060
EE,anti_libertarianism,EE_anti_libertarianism_flipped.graphml,143,0.021,0.308,0.076,0.061,0.067,0.066,0.057,0.061
EE,anti_social_benefits_low_income,EE_anti_social_benefits_low_income_flipped.graphml,126,0.008,0.317,0.081,0.140,0.068,0.070,0.140,0.059
EE,anti_social_benefits_parents,EE_anti_social_benefits_parents_flipped.graphml,152,0.039,0.303,0.078,0.069,0.072,0.070,0.064,0.066
EE,authoritarianism,EE_authoritarianism_flipped.graphml,137,0.022,0.263,0.078,0.047,0.072,0.070,0.046,0.067
EE,benefits_harm_economy,EE_benefits_harm_economy_flipped.graphml,139,0.050,0.165,0.079,0.083,0.071,0.071,0.081,0.066
EE,benefits_harm_society,EE_benefits_harm_society_flipped.graphml,146,0.021,0.308,0.075,0.073,0.070,0.066,0.071,0.063
EE,climate_skepticism,EE_climate_skepticism_flipped.graphml,148,0.088,0.250,0.080,0.074,0.076,0.074,0.070,0.070
EE,educational_spending,EE_educational_spending_flipped.graphml,174,0.017,0.333,0.074,0.086,0.066,0.064,0.084,0.058
EE,euroscepticism,EE_euroscepticism_flipped.graphml,108,0.046,0.287,0.084,0.081,0.074,0.077,0.079,0.069
EE,gender_inequality,EE_gender_inequality_flipped.graphml,160,0.037,0.319,0.082,0.089,0.075,0.075,0.082,0.070
EE,left_right_identification,EE_left_right_identification_flipped.graphml,124,0.024,0.194,0.081,0.088,0.072,0.072,0.082,0.066
EE,welfare_chauvinism,EE_welfare_chauvinism_flipped.graphml,112,0.036,0.268,0.085,0.092,0.078,0.076,0.085,0.070
ES,anti_basic_income,ES_anti_basic_income_flipped.graphml,146,0.021,0.342,0.082,0.074,0.075,0.074,0.068,0.068
ES,anti_climate_ban_appliances,ES_anti_climate_ban_appliances_flipped.graphml,142,0.014,0.345,0.084,0.066,0.081,0.076,0.062,0.075
ES,anti_climate_change_renewables,ES_anti_climate_change_renewables_flipped.graphml,176,0.017,0.330,0.082,0.063,0.076,0.074,0.061,0.070
ES,anti_climate_change_taxes,ES_anti_climate_change_taxes_flipped.graphml,141,0.014,0.284,0.077,0.057,0.066,0.067,0.056,0.058
ES,anti_economic_interventionism,ES_anti_economic_interventionism_flipped.graphml,105,0.029,0.314,0.089,0.076,0.083,0.082,0.073,0.077
ES,anti_egalitarianism,ES_anti_egalitarianism_flipped.graphml,99,0.040,0.192,0.089,0.096,0.083,0.081,0.088,0.076
ES,anti_immigration,ES_anti_immigration_flipped.graphml,163,0.012,0.319,0.082,0.090,0.076,0.074,0.081,0.068
ES,anti_lgbt,ES_anti_lgbt_flipped.graphml,83,0.024,0.181,0.094,0.096,0.094,0.086,0.086,0.088
ES,anti_libertarianism,ES_anti_libertarianism_flipped.graphml,247,0.036,0.421,0.083,0.079,0.081,0.078,0.076,0.076
ES,anti_social_benefits_low_income,ES_anti_social_benefits_low_income_flipped.graphml,260,0.019,0.442,0.081,0.068,0.078,0.076,0.064,0.074
ES,anti_social_benefits_parents,ES_anti_social_benefits_parents_flipped.graphml,112,0.000,0.312,0.090,,0.083,0.083,,0.077
ES,authoritarianism,ES_authoritarianism_flipped.graphml,99,0.030,0.273,0.090,0.083,0.085,0.083,0.077,0.081
ES,benefits_harm_economy,ES_benefits_harm_economy_flipped.graphml,103,0.019,0.204,0.086,0.081,0.082,0.078,0.077,0.074
ES,benefits_harm_society,ES_benefits_harm_society_flipped.graphml,94,0.011,0.319,0.090,0.056,0.082,0.082,0.052,0.075
ES,climate_skepticism,ES_climate_skepticism_flipped.graphml,126,0.000,0.317,0.086,,0.077,0.079,,0.071
ES,educational_spending,ES_educational_spending_flipped.graphml,120,0.008,0.258,0.085,0.078,0.077,0.075,0.071,0.069
ES,euroscepticism,ES_euroscepticism_flipped.graphml,125,0.000,0.328,0.085,,0.076,0.077,,0.070
ES,gender_inequality,ES_gender_inequality_flipped.graphml,160,0.006,0.325,0.079,0.062,0.072,0.071,0.060,0.065
ES,left_right_identification,ES_left_right_identification_flipped.graphml,94,0.011,0.181,0.091,0.094,0.086,0.083,0.089,0.080
ES,welfare_chauvinism,ES_welfare_chauvinism_flipped.graphml,104,0.010,0.279,0.088,0.097,0.079,0.080,0.093,0.074
FI,anti_basic_income,FI_anti_basic_income_flipped.graphml,189,0.037,0.238,0.078,0.069,0.074,0.071,0.065,0.068
FI,anti_climate_ban_appliances,FI_anti_climate_ban_appliances_flipped.graphml,164,0.000,0.268,0.077,,0.073,0.069,,0.065
FI,anti_climate_change_renewables,FI_anti_climate_change_renewables_flipped.graphml,137,0.022,0.285,0.084,0.073,0.078,0.078,0.072,0.073
FI,anti_climate_change_taxes,FI_anti_climate_change_taxes_flipped.graphml,167,0.042,0.228,0.076,0.050,0.073,0.068,0.041,0.067
FI,anti_economic_interventionism,FI_anti_economic_interventionism_flipped.graphml,232,0.060,0.293,0.074,0.063,0.068,0.065,0.053,0.061
FI,anti_egalitarianism,FI_anti_egalitarianism_flipped.graphml,161,0.037,0.236,0.078,0.080,0.074,0.071,0.077,0.069
FI,anti_immigration,FI_anti_immigration_flipped.graphml,165,0.012,0.230,0.081,0.104,0.076,0.075,0.088,0.072
FI,anti_lgbt,FI_anti_lgbt_flipped.graphml,153,0.020,0.261,0.082,0.085,0.074,0.074,0.074,0.068
FI,anti_libertarianism,FI_anti_libertarianism_flipped.graphml,190,0.021,0.316,0.080,0.058,0.073,0.074,0.056,0.067
FI,anti_social_benefits_low_income,FI_anti_social_benefits_low_income_flipped.graphml,191,0.000,0.288,0.077,,0.074,0.071,,0.069
FI,anti_social_benefits_parents,FI_anti_social_benefits_parents_flipped.graphml,234,0.013,0.321,0.073,0.053,0.066,0.067,0.053,0.061
FI,authoritarianism,FI_authoritarianism_flipped.graphml,127,0.008,0.244,0.081,0.087,0.077,0.074,0.083,0.069
FI,benefits_harm_economy,FI_benefits_harm_economy_flipped.graphml,155,0.019,0.252,0.078,0.083,0.070,0.071,0.080,0.064
FI,benefits_harm_society,FI_benefits_harm_society_flipped.graphml,179,0.011,0.268,0.077,0.069,0.073,0.071,0.068,0.067
FI,climate_skepticism,FI_climate_skepticism_flipped.graphml,124,0.008,0.290,0.083,0.054,0.076,0.077,0.052,0.070
FI,educational_spending,FI_educational_spending_flipped.graphml,140,0.000,0.250,0.083,,0.078,0.076,,0.071
FI,euroscepticism,FI_euroscepticism_flipped.graphml,156,0.000,0.263,0.080,,0.077,0.072,,0.070
FI,gender_inequality,FI_gender_inequality_flipped.graphml,148,0.020,0.270,0.084,0.072,0.084,0.077,0.070,0.077
FI,left_right_identification,FI_left_right_identification_flipped.graphml,132,0.023,0.235,0.085,0.097,0.082,0.079,0.086,0.077
FI,welfare_chauvinism,FI_welfare_chauvinism_flipped.graphml,165,0.000,0.279,0.079,,0.078,0.073,,0.073
FR,anti_basic_income,FR_anti_basic_income_flipped.graphml,150,0.027,0.253,0.082,0.058,0.070,0.074,0.055,0.065
FR,anti_climate_ban_appliances,FR_anti_climate_ban_appliances_flipped.graphml,135,0.007,0.252,0.085,0.069,0.074,0.078,0.067,0.069
FR,anti_climate_change_renewables,FR_anti_climate_change_renewables_flipped.graphml,181,0.039,0.265,0.077,0.073,0.069,0.069,0.066,0.062
FR,anti_climate_change_taxes,FR_anti_climate_change_taxes_flipped.graphml,168,0.018,0.310,0.081,0.083,0.070,0.073,0.074,0.063
FR,anti_economic_interventionism,FR_anti_economic_interventionism_flipped.graphml,158,0.006,0.241,0.081,0.081,0.072,0.074,0.077,0.066
FR,anti_egalitarianism,FR_anti_egalitarianism_flipped.graphml,162,0.019,0.302,0.082,0.072,0.070,0.075,0.067,0.064
FR,anti_immigration,FR_anti_immigration_flipped.graphml,193,0.005,0.249,0.077,0.081,0.069,0.069,0.079,0.063
FR,anti_lgbt,FR_anti_lgbt_flipped.graphml,205,0.024,0.312,0.083,0.084,0.076,0.076,0.082,0.069
FR,anti_libertarianism,FR_anti_libertarianism_flipped.graphml,161,0.025,0.298,0.081,0.056,0.072,0.074,0.054,0.065
FR,anti_social_benefits_low_income,FR_anti_social_benefits_low_income_flipped.graphml,154,0.000,0.266,0.083,,0.074,0.075,,0.067
FR,anti_social_benefits_parents,FR_anti_social_benefits_parents_flipped.graphml,131,0.008,0.282,0.087,0.068,0.075,0.081,0.065,0.070
FR,authoritarianism,FR_authoritarianism_flipped.graphml,145,0.007,0.269,0.084,0.078,0.072,0.078,0.075,0.067
FR,benefits_harm_economy,FR_benefits_harm_economy_flipped.graphml,129,0.023,0.217,0.086,0.074,0.075,0.079,0.073,0.070
FR,benefits_harm_society,FR_benefits_harm_society_flipped.graphml,173,0.040,0.254,0.081,0.054,0.077,0.073,0.050,0.070
FR,climate_skepticism,FR_climate_skepticism_flipped.graphml,172,0.012,0.267,0.079,0.062,0.070,0.073,0.062,0.066
FR,educational_spending,FR_educational_spending_flipped.graphml,132,0.008,0.273,0.088,0.070,0.081,0.080,0.068,0.074
FR,euroscepticism,FR_euroscepticism_flipped.graphml,209,0.033,0.282,0.078,0.057,0.070,0.070,0.053,0.062
FR,gender_inequality,FR_gender_inequality_flipped.graphml,139,0.007,0.309,0.085,0.090,0.072,0.077,0.069,0.065
FR,left_right_identification,FR_left_right_identification_flipped.graphml,147,0.027,0.238,0.086,0.078,0.080,0.077,0.076,0.071
FR,welfare_chauvinism,FR_welfare_chauvinism_flipped.graphml,163,0.018,0.245,0.080,0.078,0.070,0.072,0.074,0.064
GB,anti_basic_income,GB_anti_basic_income_flipped.graphml,245,0.016,0.314,0.080,0.059,0.076,0.072,0.052,0.067
GB,anti_climate_ban_appliances,GB_anti_climate_ban_appliances_flipped.graphml,236,0.004,0.292,0.078,0.069,0.069,0.067,0.065,0.059
GB,anti_climate_change_renewables,GB_anti_climate_change_renewables_flipped.graphml,148,0.014,0.270,0.083,0.072,0.075,0.074,0.069,0.067
GB,anti_climate_change_taxes,GB_anti_climate_change_taxes_flipped.graphml,175,0.017,0.263,0.081,0.076,0.076,0.072,0.074,0.068
GB,anti_economic_interventionism,GB_anti_economic_interventionism_flipped.graphml,134,0.022,0.209,0.086,0.068,0.078,0.077,0.063,0.072
GB,anti_egalitarianism,GB_anti_egalitarianism_flipped.graphml,150,0.060,0.200,0.082,0.076,0.071,0.073,0.067,0.063
GB,anti_immigration,GB_anti_immigration_flipped.graphml,160,0.037,0.269,0.085,0.083,0.081,0.076,0.073,0.072
GB,anti_lgbt,GB_anti_lgbt_flipped.graphml,177,0.023,0.243,0.080,0.122,0.067,0.071,0.103,0.060
GB,anti_libertarianism,GB_anti_libertarianism_flipped.graphml,178,0.017,0.275,0.079,0.053,0.069,0.071,0.051,0.062
GB,anti_social_benefits_low_income,GB_anti_social_benefits_low_income_flipped.graphml,165,0.006,0.230,0.082,0.058,0.075,0.075,0.057,0.070
GB,anti_social_benefits_parents,GB_anti_social_benefits_parents_flipped.graphml,175,0.006,0.246,0.082,0.074,0.077,0.073,0.074,0.070
GB,authoritarianism,GB_authoritarianism_flipped.graphml,170,0.012,0.229,0.079,0.061,0.072,0.070,0.059,0.064
GB,benefits_harm_economy,GB_benefits_harm_economy_flipped.graphml,166,0.018,0.205,0.086,0.082,0.081,0.077,0.081,0.072
GB,benefits_harm_society,GB_benefits_harm_society_flipped.graphml,214,0.009,0.350,0.083,0.078,0.076,0.075,0.074,0.070
GB,climate_skepticism,GB_climate_skepticism_flipped.graphml,159,0.013,0.157,0.081,0.064,0.079,0.072,0.063,0.071
GB,educational_spending,GB_educational_spending_flipped.graphml,255,0.012,0.325,0.074,0.066,0.068,0.065,0.057,0.060
GB,euroscepticism,GB_euroscepticism_flipped.graphml,215,0.019,0.288,0.076,0.060,0.069,0.067,0.058,0.060
GB,gender_inequality,GB_gender_inequality_flipped.graphml,153,0.007,0.261,0.082,0.043,0.077,0.073,0.042,0.069
GB,left_right_identification,GB_left_right_identification_flipped.graphml,173,0.029,0.243,0.082,0.069,0.074,0.072,0.065,0.066
GB,welfare_chauvinism,GB_welfare_chauvinism_flipped.graphml,180,0.022,0.256,0.080,0.070,0.073,0.070,0.060,0.063
HU,anti_basic_income,HU_anti_basic_income_flipped.graphml,167,0.120,0.287,0.093,0.104,0.087,0.083,0.082,0.079
HU,anti_climate_ban_appliances,HU_anti_climate_ban_appliances_flipped.graphml,210,0.167,0.305,0.088,0.085,0.083,0.079,0.072,0.075
HU,anti_climate_change_renewables,HU_anti_climate_change_renewables_flipped.graphml,144,0.111,0.319,0.091,0.084,0.089,0.084,0.074,0.083
HU,anti_climate_change_taxes,HU_anti_climate_change_taxes_flipped.graphml,197,0.188,0.320,0.091,0.092,0.086,0.083,0.079,0.079
HU,anti_economic_interventionism,HU_anti_economic_interventionism_flipped.graphml,156,0.141,0.301,0.093,0.085,0.092,0.085,0.076,0.084
HU,anti_egalitarianism,HU_anti_egalitarianism_flipped.graphml,204,0.118,0.353,0.091,0.093,0.087,0.084,0.080,0.080
HU,anti_immigration,HU_anti_immigration_flipped.graphml,153,0.170,0.235,0.088,0.083,0.085,0.079,0.072,0.079
HU,anti_lgbt,HU_anti_lgbt_flipped.graphml,171,0.170,0.292,0.090,0.085,0.086,0.082,0.073,0.080
HU,anti_libertarianism,HU_anti_libertarianism_flipped.graphml,97,0.010,0.392,0.095,0.060,0.091,0.088,0.057,0.084
HU,anti_social_benefits_low_income,HU_anti_social_benefits_low_income_flipped.graphml,192,0.073,0.354,0.088,0.095,0.083,0.081,0.082,0.077
HU,anti_social_benefits_parents,HU_anti_social_benefits_parents_flipped.graphml,146,0.103,0.349,0.089,0.092,0.083,0.081,0.080,0.075
HU,authoritarianism,HU_authoritarianism_flipped.graphml,210,0.057,0.419,0.091,0.074,0.091,0.082,0.072,0.080
HU,benefits_harm_economy,HU_benefits_harm_economy_flipped.graphml,192,0.182,0.245,0.091,0.095,0.086,0.084,0.083,0.082
HU,benefits_harm_society,HU_benefits_harm_society_flipped.graphml,174,0.092,0.328,0.095,0.119,0.087,0.087,0.096,0.081
HU,climate_skepticism,HU_climate_skepticism_flipped.graphml,169,0.107,0.331,0.093,0.102,0.088,0.082,0.083,0.077
HU,educational_spending,HU_educational_spending_flipped.graphml,123,0.073,0.415,0.093,0.071,0.089,0.086,0.066,0.082
HU,euroscepticism,HU_euroscepticism_flipped.graphml,238,0.122,0.349,0.085,0.089,0.080,0.076,0.070,0.072
HU,gender_inequality,HU_gender_inequality_flipped.graphml,141,0.092,0.326,0.089,0.077,0.087,0.083,0.065,0.081
HU,left_right_identification,HU_left_right_identification_flipped.graphml,171,0.088,0.357,0.091,0.114,0.082,0.082,0.096,0.075
HU,welfare_chauvinism,HU_welfare_chauvinism_flipped.graphml,207,0.145,0.304,0.090,0.097,0.085,0.081,0.081,0.078
IE,anti_basic_income,IE_anti_basic_income_flipped.graphml,190,0.079,0.326,0.081,0.071,0.077,0.073,0.057,0.071
IE,anti_climate_ban_appliances,IE_anti_climate_ban_appliances_flipped.graphml,213,0.028,0.404,0.078,0.071,0.075,0.070,0.058,0.068
IE,anti_climate_change_renewables,IE_anti_climate_change_renewables_flipped.graphml,199,0.030,0.412,0.079,0.070,0.073,0.070,0.057,0.066
IE,anti_climate_change_taxes,IE_anti_climate_change_taxes_flipped.graphml,197,0.036,0.396,0.081,0.062,0.076,0.072,0.058,0.068
IE,anti_economic_interventionism,IE_anti_economic_interventionism_flipped.graphml,228,0.092,0.377,0.080,0.078,0.074,0.072,0.069,0.067
IE,anti_egalitarianism,IE_anti_egalitarianism_flipped.graphml,175,0.057,0.371,0.087,0.065,0.086,0.079,0.061,0.079
IE,anti_immigration,IE_anti_immigration_flipped.graphml,212,0.038,0.387,0.078,0.075,0.071,0.069,0.067,0.064
IE,anti_lgbt,IE_anti_lgbt_flipped.graphml,168,0.048,0.369,0.083,0.089,0.074,0.075,0.074,0.069
IE,anti_libertarianism,IE_anti_libertarianism_flipped.graphml,243,0.037,0.420,0.077,0.057,0.075,0.068,0.053,0.065
IE,anti_social_benefits_low_income,IE_anti_social_benefits_low_income_flipped.graphml,189,0.005,0.418,0.080,0.043,0.075,0.071,0.042,0.067
IE,anti_social_benefits_parents,IE_anti_social_benefits_parents_flipped.graphml,267,0.067,0.412,0.083,0.075,0.078,0.075,0.064,0.072
IE,authoritarianism,IE_authoritarianism_flipped.graphml,193,0.041,0.383,0.078,0.062,0.073,0.068,0.057,0.065
IE,benefits_harm_economy,IE_benefits_harm_economy_flipped.graphml,193,0.062,0.368,0.081,0.063,0.078,0.073,0.060,0.071
IE,benefits_harm_society,IE_benefits_harm_society_flipped.graphml,228,0.026,0.377,0.078,0.064,0.074,0.069,0.057,0.065
IE,climate_skepticism,IE_climate_skepticism_flipped.graphml,183,0.044,0.377,0.080,0.076,0.076,0.072,0.066,0.069
IE,educational_spending,IE_educational_spending_flipped.graphml,194,0.015,0.402,0.080,0.085,0.073,0.072,0.074,0.067
IE,euroscepticism,IE_euroscepticism_flipped.graphml,279,0.050,0.416,0.081,0.073,0.079,0.075,0.065,0.073
IE,gender_inequality,IE_gender_inequality_flipped.graphml,168,0.006,0.399,0.085,0.078,0.079,0.075,0.076,0.071
IE,left_right_identification,IE_left_right_identification_flipped.graphml,213,0.052,0.371,0.078,0.077,0.072,0.066,0.068,0.060
IE,welfare_chauvinism,IE_welfare_chauvinism_flipped.graphml,192,0.042,0.396,0.082,0.061,0.078,0.075,0.057,0.071
IL,anti_basic_income,IL_anti_basic_income_flipped.graphml,162,0.062,0.352,0.084,0.090,0.082,0.074,0.070,0.072
IL,anti_climate_ban_appliances,IL_anti_climate_ban_appliances_flipped.graphml,129,0.062,0.310,0.090,0.092,0.092,0.079,0.074,0.079
IL,anti_climate_change_renewables,IL_anti_climate_change_renewables_flipped.graphml,186,0.038,0.339,0.081,0.102,0.078,0.073,0.082,0.070
IL,anti_climate_change_taxes,IL_anti_climate_change_taxes_flipped.graphml,201,0.020,0.343,0.080,0.108,0.079,0.071,0.093,0.069
IL,anti_economic_interventionism,IL_anti_economic_interventionism_flipped.graphml,159,0.031,0.371,0.084,0.066,0.084,0.077,0.061,0.076
IL,anti_egalitarianism,IL_anti_egalitarianism_flipped.graphml,129,0.078,0.310,0.085,0.084,0.089,0.076,0.068,0.079
IL,anti_immigration,IL_anti_immigration_flipped.graphml,172,0.047,0.343,0.082,0.095,0.080,0.075,0.079,0.073
IL,anti_lgbt,IL_anti_lgbt_flipped.graphml,168,0.030,0.393,0.082,0.101,0.081,0.076,0.083,0.075
IL,anti_libertarianism,IL_anti_libertarianism_flipped.graphml,205,0.034,0.341,0.080,0.067,0.082,0.072,0.064,0.074
IL,anti_social_benefits_low_income,IL_anti_social_benefits_low_income_flipped.graphml,183,0.016,0.383,0.085,0.086,0.083,0.076,0.070,0.075
IL,anti_social_benefits_parents,IL_anti_social_benefits_parents_flipped.graphml,175,0.023,0.331,0.081,0.081,0.079,0.072,0.075,0.070
IL,authoritarianism,IL_authoritarianism_flipped.graphml,160,0.019,0.331,0.082,0.100,0.080,0.074,0.082,0.072
IL,benefits_harm_economy,IL_benefits_harm_economy_flipped.graphml,229,0.039,0.371,0.082,0.072,0.082,0.074,0.065,0.074
IL,benefits_harm_society,IL_benefits_harm_society_flipped.graphml,152,0.026,0.355,0.085,0.090,0.084,0.077,0.071,0.076
IL,climate_skepticism,IL_climate_skepticism_flipped.graphml,184,0.065,0.288,0.080,0.095,0.081,0.071,0.076,0.073
IL,educational_spending,IL_educational_spending_flipped.graphml,199,0.030,0.377,0.080,0.068,0.082,0.071,0.050,0.074
IL,euroscepticism,IL_euroscepticism_flipped.graphml,174,0.023,0.345,0.080,0.109,0.079,0.071,0.079,0.069
IL,gender_inequality,IL_gender_inequality_flipped.graphml,185,0.022,0.335,0.083,0.113,0.083,0.074,0.084,0.075
IL,left_right_identification,IL_left_right_identification_flipped.graphml,164,0.030,0.311,0.081,0.079,0.080,0.072,0.067,0.071
IL,welfare_chauvinism,IL_welfare_chauvinism_flipped.graphml,174,0.040,0.333,0.081,0.108,0.080,0.072,0.083,0.071
IS,anti_basic_income,IS_anti_basic_income_flipped.graphml,103,0.019,0.243,0.091,0.103,0.085,0.083,0.092,0.078
IS,anti_climate_ban_appliances,IS_anti_climate_ban_appliances_flipped.graphml,73,0.000,0.233,0.102,,0.095,0.096,,0.089
IS,anti_climate_change_renewables,IS_anti_climate_change_renewables_flipped.graphml,136,0.044,0.331,0.094,0.082,0.094,0.086,0.077,0.084
IS,anti_climate_change_taxes,IS_anti_climate_change_taxes_flipped.graphml,114,0.018,0.325,0.095,0.081,0.086,0.089,0.077,0.080
IS,anti_economic_interventionism,IS_anti_economic_interventionism_flipped.graphml,149,0.040,0.329,0.097,0.082,0.100,0.089,0.077,0.089
IS,anti_egalitarianism,IS_anti_egalitarianism_flipped.graphml,98,0.020,0.245,0.094,0.076,0.088,0.086,0.074,0.079
IS,anti_immigration,IS_anti_immigration_flipped.graphml,232,0.039,0.358,0.085,0.079,0.082,0.076,0.069,0.073
IS,anti_lgbt,IS_anti_lgbt_flipped.graphml,180,0.044,0.350,0.092,0.104,0.088,0.086,0.093,0.083
IS,anti_libertarianism,IS_anti_libertarianism_flipped.graphml,88,0.000,0.284,0.097,,0.086,0.089,,0.080
IS,anti_social_benefits_low_income,IS_anti_social_benefits_low_income_flipped.graphml,81,0.000,0.222,0.102,,0.099,0.096,,0.094
IS,anti_social_benefits_parents,IS_anti_social_benefits_parents_flipped.graphml,81,0.000,0.222,0.102,,0.096,0.094,,0.088
IS,authoritarianism,IS_authoritarianism_flipped.graphml,71,0.014,0.310,0.102,0.057,0.093,0.095,0.054,0.084
IS,benefits_harm_economy,IS_benefits_harm_economy_flipped.graphml,66,0.045,0.152,0.104,0.109,0.092,0.096,0.104,0.084
IS,benefits_harm_society,IS_benefits_harm_society_flipped.graphml,102,0.000,0.196,0.093,,0.091,0.086,,0.085
IS,climate_skepticism,IS_climate_skepticism_flipped.graphml,116,0.095,0.284,0.102,0.088,0.101,0.095,0.083,0.093
IS,educational_spending,IS_educational_spending_flipped.graphml,69,0.000,0.217,0.105,,0.098,0.098,,0.092
IS,euroscepticism,IS_euroscepticism_flipped.graphml,78,0.026,0.256,0.100,0.072,0.090,0.092,0.060,0.083
IS,gender_inequality,IS_gender_inequality_flipped.graphml,138,0.022,0.268,0.090,0.087,0.087,0.082,0.066,0.079
IS,left_right_identification,IS_left_right_identification_flipped.graphml,87,0.034,0.241,0.099,0.125,0.086,0.090,0.100,0.080
IS,welfare_chauvinism,IS_welfare_chauvinism_flipped.graphml,95,0.021,0.200,0.096,0.096,0.085,0.088,0.091,0.080
IT,anti_basic_income,IT_anti_basic_income_flipped.graphml,155,0.052,0.335,0.085,0.088,0.071,0.075,0.075,0.066
IT,anti_climate_ban_appliances,IT_anti_climate_ban_appliances_flipped.graphml,159,0.038,0.346,0.084,0.074,0.072,0.074,0.063,0.066
IT,anti_climate_change_renewables,IT_anti_climate_change_renewables_flipped.graphml,166,0.042,0.343,0.088,0.105,0.075,0.079,0.088,0.070
IT,anti_climate_change_taxes,IT_anti_climate_change_taxes_flipped.graphml,138,0.051,0.268,0.084,0.096,0.068,0.075,0.079,0.064
IT,anti_economic_interventionism,IT_anti_economic_interventionism_flipped.graphml,145,0.055,0.290,0.084,0.087,0.068,0.074,0.071,0.063
IT,anti_egalitarianism,IT_anti_egalitarianism_flipped.graphml,131,0.015,0.328,0.085,0.136,0.071,0.076,0.092,0.066
IT,anti_immigration,IT_anti_immigration_flipped.graphml,176,0.034,0.330,0.084,0.083,0.074,0.076,0.068,0.069
IT,anti_lgbt,IT_anti_lgbt_flipped.graphml,117,0.034,0.308,0.088,0.126,0.068,0.077,0.098,0.061
IT,anti_libertarianism,IT_anti_libertarianism_flipped.graphml,158,0.044,0.316,0.083,0.082,0.072,0.072,0.070,0.063
IT,anti_social_benefits_low_income,IT_anti_social_benefits_low_income_flipped.graphml,225,0.022,0.400,0.086,0.105,0.078,0.079,0.095,0.072
IT,anti_social_benefits_parents,IT_anti_social_benefits_parents_flipped.graphml,125,0.016,0.304,0.086,0.064,0.072,0.077,0.063,0.066
IT,authoritarianism,IT_authoritarianism_flipped.graphml,120,0.025,0.325,0.088,0.085,0.076,0.078,0.072,0.070
IT,benefits_harm_economy,IT_benefits_harm_economy_flipped.graphml,153,0.118,0.248,0.085,0.077,0.072,0.075,0.068,0.066
IT,benefits_harm_society,IT_benefits_harm_society_flipped.graphml,148,0.034,0.324,0.083,0.095,0.069,0.075,0.076,0.065
IT,climate_skepticism,IT_climate_skepticism_flipped.graphml,250,0.036,0.368,0.083,0.100,0.078,0.075,0.090,0.072
IT,educational_spending,IT_educational_spending_flipped.graphml,161,0.012,0.373,0.082,0.064,0.071,0.074,0.058,0.065
IT,euroscepticism,IT_euroscepticism_flipped.graphml,188,0.032,0.309,0.082,0.091,0.071,0.073,0.074,0.065
IT,gender_inequality,IT_gender_inequality_flipped.graphml,241,0.041,0.398,0.086,0.099,0.077,0.078,0.083,0.071
IT,left_right_identification,IT_left_right_identification_flipped.graphml,239,0.054,0.385,0.085,0.084,0.078,0.077,0.078,0.071
IT,welfare_chauvinism,IT_welfare_chauvinism_flipped.graphml,155,0.026,0.329,0.085,0.105,0.072,0.075,0.082,0.066
LT,anti_basic_income,LT_anti_basic_income_flipped.graphml,92,0.065,0.380,0.103,0.114,0.095,0.093,0.093,0.088
LT,anti_climate_ban_appliances,LT_anti_climate_ban_appliances_flipped.graphml,138,0.036,0.442,0.098,0.111,0.093,0.087,0.093,0.083
LT,anti_climate_change_renewables,LT_anti_climate_change_renewables_flipped.graphml,130,0.115,0.338,0.097,0.105,0.091,0.087,0.089,0.085
LT,anti_climate_change_taxes,LT_anti_climate_change_taxes_flipped.graphml,100,0.110,0.350,0.103,0.107,0.090,0.091,0.086,0.085
LT,anti_economic_interventionism,LT_anti_economic_interventionism_flipped.graphml,133,0.135,0.316,0.098,0.097,0.090,0.084,0.076,0.082
LT,anti_egalitarianism,LT_anti_egalitarianism_flipped.graphml,93,0.086,0.366,0.103,0.078,0.100,0.093,0.072,0.092
LT,anti_immigration,LT_anti_immigration_flipped.graphml,104,0.067,0.375,0.098,0.108,0.094,0.089,0.092,0.087
LT,anti_lgbt,LT_anti_lgbt_flipped.graphml,118,0.093,0.390,0.104,0.113,0.099,0.091,0.102,0.085
LT,anti_libertarianism,LT_anti_libertarianism_flipped.graphml,134,0.037,0.463,0.096,0.088,0.089,0.084,0.079,0.079
LT,anti_social_benefits_low_income,LT_anti_social_benefits_low_income_flipped.graphml,94,0.074,0.383,0.100,0.094,0.092,0.089,0.079,0.084
LT,anti_social_benefits_parents,LT_anti_social_benefits_parents_flipped.graphml,92,0.076,0.348,0.103,0.110,0.096,0.092,0.101,0.086
LT,authoritarianism,LT_authoritarianism_flipped.graphml,105,0.038,0.381,0.100,0.055,0.101,0.090,0.052,0.092
LT,benefits_harm_economy,LT_benefits_harm_economy_flipped.graphml,84,0.060,0.417,0.106,0.105,0.097,0.096,0.093,0.089
LT,benefits_harm_society,LT_benefits_harm_society_flipped.graphml,112,0.107,0.366,0.099,0.099,0.091,0.088,0.085,0.083
LT,climate_skepticism,LT_climate_skepticism_flipped.graphml,91,0.077,0.352,0.104,0.107,0.098,0.092,0.086,0.089
LT,educational_spending,LT_educational_spending_flipped.graphml,89,0.034,0.449,0.104,0.100,0.098,0.094,0.084,0.089
LT,euroscepticism,LT_euroscepticism_flipped.graphml,125,0.080,0.408,0.102,0.102,0.097,0.091,0.086,0.087
LT,gender_inequality,LT_gender_inequality_flipped.graphml,101,0.139,0.356,0.101,0.097,0.094,0.089,0.085,0.085
LT,left_right_identification,LT_left_right_identification_flipped.graphml,86,0.070,0.372,0.104,0.090,0.099,0.094,0.079,0.091
LT,welfare_chauvinism,LT_welfare_chauvinism_flipped.graphml,85,0.035,0.376,0.102,0.131,0.095,0.091,0.103,0.086
NL,anti_basic_income,NL_anti_basic_income_flipped.graphml,123,0.057,0.203,0.086,0.072,0.089,0.078,0.070,0.080
NL,anti_climate_ban_appliances,NL_anti_climate_ban_appliances_flipped.graphml,93,0.000,0.247,0.092,,0.087,0.081,,0.076
NL,anti_climate_change_renewables,NL_anti_climate_change_renewables_flipped.graphml,121,0.008,0.215,0.082,0.060,0.069,0.072,0.057,0.062
NL,anti_climate_change_taxes,NL_anti_climate_change_taxes_flipped.graphml,118,0.017,0.280,0.084,0.081,0.076,0.075,0.072,0.064
NL,anti_economic_interventionism,NL_anti_economic_interventionism_flipped.graphml,96,0.000,0.198,0.090,,0.086,0.082,,0.078
NL,anti_egalitarianism,NL_anti_egalitarianism_flipped.graphml,110,0.009,0.209,0.086,0.101,0.080,0.078,0.090,0.074
NL,anti_immigration,NL_anti_immigration_flipped.graphml,265,0.045,0.389,0.082,0.083,0.080,0.076,0.077,0.074
NL,anti_lgbt,NL_anti_lgbt_flipped.graphml,106,0.019,0.217,0.088,0.068,0.076,0.080,0.065,0.070
NL,anti_libertarianism,NL_anti_libertarianism_flipped.graphml,129,0.000,0.256,0.081,,0.072,0.072,,0.063
NL,anti_social_benefits_low_income,NL_anti_social_benefits_low_income_flipped.graphml,96,0.000,0.281,0.092,,0.083,0.083,,0.073
NL,anti_social_benefits_parents,NL_anti_social_benefits_parents_flipped.graphml,162,0.074,0.315,0.088,0.082,0.083,0.080,0.072,0.075
NL,authoritarianism,NL_authoritarianism_flipped.graphml,102,0.020,0.294,0.089,0.069,0.082,0.079,0.067,0.069
NL,benefits_harm_economy,NL_benefits_harm_economy_flipped.graphml,124,0.056,0.266,0.087,0.074,0.080,0.078,0.071,0.069
NL,benefits_harm_society,NL_benefits_harm_society_flipped.graphml,96,0.000,0.312,0.090,,0.081,0.081,,0.073
NL,climate_skepticism,NL_climate_skepticism_flipped.graphml,112,0.018,0.286,0.089,0.057,0.082,0.080,0.056,0.073
NL,educational_spending,NL_educational_spending_flipped.graphml,195,0.021,0.338,0.084,0.082,0.082,0.075,0.074,0.073
NL,euroscepticism,NL_euroscepticism_flipped.graphml,161,0.019,0.304,0.078,0.050,0.075,0.070,0.048,0.064
NL,gender_inequality,NL_gender_inequality_flipped.graphml,98,0.031,0.265,0.089,0.091,0.077,0.079,0.075,0.068
NL,left_right_identification,NL_left_right_identification_flipped.graphml,108,0.037,0.287,0.091,0.098,0.079,0.082,0.083,0.071
NL,welfare_chauvinism,NL_welfare_chauvinism_flipped.graphml,123,0.008,0.236,0.086,0.071,0.077,0.077,0.071,0.069
NO,anti_basic_income,NO_anti_basic_income_flipped.graphml,147,0.034,0.265,0.077,0.073,0.064,0.070,0.068,0.058
NO,anti_climate_ban_appliances,NO_anti_climate_ban_appliances_flipped.graphml,283,0.049,0.360,0.080,0.081,0.077,0.075,0.078,0.072
NO,anti_climate_change_renewables,NO_anti_climate_change_renewables_flipped.graphml,199,0.025,0.261,0.074,0.078,0.067,0.067,0.077,0.062
NO,anti_climate_change_taxes,NO_anti_climate_change_taxes_flipped.graphml,141,0.021,0.227,0.077,0.074,0.070,0.072,0.072,0.067
NO,anti_economic_interventionism,NO_anti_economic_interventionism_flipped.graphml,161,0.031,0.211,0.076,0.070,0.068,0.069,0.068,0.065
NO,anti_egalitarianism,NO_anti_egalitarianism_flipped.graphml,157,0.025,0.274,0.077,0.084,0.068,0.071,0.081,0.063
NO,anti_immigration,NO_anti_immigration_flipped.graphml,152,0.046,0.204,0.077,0.073,0.066,0.070,0.070,0.062
NO,anti_lgbt,NO_anti_lgbt_flipped.graphml,139,0.014,0.252,0.080,0.083,0.071,0.075,0.078,0.068
NO,anti_libertarianism,NO_anti_libertarianism_flipped.graphml,186,0.011,0.274,0.074,0.074,0.068,0.067,0.070,0.061
NO,anti_social_benefits_low_income,NO_anti_social_benefits_low_income_flipped.graphml,164,0.006,0.226,0.082,0.078,0.076,0.074,0.076,0.072
NO,anti_social_benefits_parents,NO_anti_social_benefits_parents_flipped.graphml,149,0.034,0.302,0.080,0.074,0.072,0.074,0.073,0.068
NO,authoritarianism,NO_authoritarianism_flipped.graphml,141,0.021,0.206,0.079,0.064,0.072,0.072,0.063,0.067
NO,benefits_harm_economy,NO_benefits_harm_economy_flipped.graphml,250,0.080,0.296,0.076,0.074,0.072,0.070,0.072,0.067
NO,benefits_harm_society,NO_benefits_harm_society_flipped.graphml,150,0.013,0.253,0.076,0.075,0.067,0.070,0.073,0.063
NO,climate_skepticism,NO_climate_skepticism_flipped.graphml,149,0.027,0.228,0.080,0.077,0.071,0.073,0.076,0.066
NO,educational_spending,NO_educational_spending_flipped.graphml,243,0.004,0.313,0.072,0.077,0.065,0.064,0.076,0.060
NO,euroscepticism,NO_euroscepticism_flipped.graphml,184,0.022,0.261,0.082,0.087,0.079,0.076,0.083,0.074
NO,gender_inequality,NO_gender_inequality_flipped.graphml,165,0.006,0.321,0.082,0.090,0.078,0.075,0.088,0.072
NO,left_right_identification,NO_left_right_identification_flipped.graphml,170,0.024,0.294,0.084,0.083,0.079,0.077,0.079,0.073
NO,welfare_chauvinism,NO_welfare_chauvinism_flipped.graphml,311,0.071,0.318,0.078,0.069,0.076,0.072,0.065,0.071
PL,anti_basic_income,PL_anti_basic_income_flipped.graphml,173,0.098,0.364,0.085,0.070,0.084,0.079,0.067,0.078
PL,anti_climate_ban_appliances,PL_anti_climate_ban_appliances_flipped.graphml,180,0.089,0.289,0.078,0.068,0.077,0.071,0.064,0.070
PL,anti_climate_change_renewables,PL_anti_climate_change_renewables_flipped.graphml,94,0.032,0.362,0.092,0.071,0.089,0.087,0.067,0.084
PL,anti_climate_change_taxes,PL_anti_climate_change_taxes_flipped.graphml,152,0.046,0.329,0.081,0.067,0.079,0.074,0.063,0.072
PL,anti_economic_interventionism,PL_anti_economic_interventionism_flipped.graphml,254,0.157,0.327,0.084,0.076,0.087,0.077,0.069,0.079
PL,anti_egalitarianism,PL_anti_egalitarianism_flipped.graphml,121,0.033,0.339,0.085,0.065,0.083,0.079,0.062,0.078
PL,anti_immigration,PL_anti_immigration_flipped.graphml,140,0.029,0.357,0.086,0.067,0.082,0.081,0.065,0.078
PL,anti_lgbt,PL_anti_lgbt_flipped.graphml,88,0.068,0.307,0.094,0.082,0.091,0.089,0.079,0.086
PL,anti_libertarianism,PL_anti_libertarianism_flipped.graphml,119,0.042,0.353,0.085,0.068,0.081,0.078,0.067,0.074
PL,anti_social_benefits_low_income,PL_anti_social_benefits_low_income_flipped.graphml,165,0.109,0.364,0.084,0.062,0.082,0.077,0.056,0.075
PL,anti_social_benefits_parents,PL_anti_social_benefits_parents_flipped.graphml,175,0.097,0.377,0.085,0.070,0.082,0.078,0.063,0.074
PL,authoritarianism,PL_authoritarianism_flipped.graphml,149,0.007,0.369,0.084,0.073,0.079,0.079,0.072,0.074
PL,benefits_harm_economy,PL_benefits_harm_economy_flipped.graphml,111,0.117,0.333,0.088,0.071,0.082,0.080,0.061,0.075
PL,benefits_harm_society,PL_benefits_harm_society_flipped.graphml,132,0.038,0.371,0.085,0.077,0.081,0.079,0.074,0.076
PL,climate_skepticism,PL_climate_skepticism_flipped.graphml,172,0.110,0.326,0.087,0.073,0.087,0.080,0.068,0.079
PL,educational_spending,PL_educational_spending_flipped.graphml,161,0.056,0.398,0.085,0.068,0.084,0.078,0.061,0.078
PL,euroscepticism,PL_euroscepticism_flipped.graphml,111,0.054,0.261,0.088,0.088,0.086,0.083,0.083,0.081
PL,gender_inequality,PL_gender_inequality_flipped.graphml,226,0.119,0.372,0.087,0.078,0.088,0.080,0.071,0.082
PL,left_right_identification,PL_left_right_identification_flipped.graphml,167,0.102,0.335,0.085,0.073,0.084,0.079,0.069,0.077
PL,welfare_chauvinism,PL_welfare_chauvinism_flipped.graphml,106,0.038,0.302,0.087,0.080,0.083,0.082,0.079,0.078
PT,anti_basic_income,PT_anti_basic_income_flipped.graphml,129,0.062,0.333,0.080,0.076,0.075,0.072,0.066,0.067
PT,anti_climate_ban_appliances,PT_anti_climate_ban_appliances_flipped.graphml,108,0.000,0.370,0.077,,0.074,0.071,,0.069
PT,anti_climate_change_renewables,PT_anti_climate_change_renewables_flipped.graphml,271,0.048,0.439,0.080,0.083,0.077,0.074,0.077,0.072
PT,anti_climate_change_taxes,PT_anti_climate_change_taxes_flipped.graphml,72,0.000,0.361,0.090,,0.081,0.084,,0.077
PT,anti_economic_interventionism,PT_anti_economic_interventionism_flipped.graphml,79,0.025,0.291,0.083,0.077,0.074,0.077,0.076,0.068
PT,anti_egalitarianism,PT_anti_egalitarianism_flipped.graphml,112,0.054,0.446,0.086,0.078,0.085,0.077,0.064,0.075
PT,anti_immigration,PT_anti_immigration_flipped.graphml,103,0.049,0.320,0.082,0.076,0.079,0.076,0.067,0.073
PT,anti_lgbt,PT_anti_lgbt_flipped.graphml,106,0.019,0.387,0.078,0.161,0.068,0.071,0.148,0.062
PT,anti_libertarianism,PT_anti_libertarianism_flipped.graphml,220,0.041,0.450,0.079,0.072,0.079,0.073,0.067,0.072
PT,anti_social_benefits_low_income,PT_anti_social_benefits_low_income_flipped.graphml,108,0.000,0.333,0.084,,0.084,0.077,,0.076
PT,anti_social_benefits_parents,PT_anti_social_benefits_parents_flipped.graphml,260,0.081,0.408,0.082,0.087,0.078,0.076,0.080,0.073
PT,authoritarianism,PT_authoritarianism_flipped.graphml,83,0.000,0.349,0.084,,0.076,0.079,,0.072
PT,benefits_harm_economy,PT_benefits_harm_economy_flipped.graphml,139,0.014,0.432,0.085,0.077,0.081,0.077,0.065,0.073
PT,benefits_harm_society,PT_benefits_harm_society_flipped.graphml,170,0.006,0.424,0.079,0.082,0.075,0.073,0.067,0.069
PT,climate_skepticism,PT_climate_skepticism_flipped.graphml,145,0.021,0.331,0.079,0.090,0.069,0.070,0.067,0.063
PT,educational_spending,PT_educational_spending_flipped.graphml,117,0.017,0.350,0.079,0.071,0.075,0.073,0.056,0.069
PT,euroscepticism,PT_euroscepticism_flipped.graphml,102,0.039,0.324,0.081,0.068,0.077,0.076,0.066,0.072
PT,gender_inequality,PT_gender_inequality_flipped.graphml,110,0.045,0.291,0.081,0.090,0.070,0.075,0.082,0.066
PT,left_right_identification,PT_left_right_identification_flipped.graphml,252,0.044,0.444,0.074,0.088,0.070,0.069,0.076,0.066
PT,welfare_chauvinism,PT_welfare_chauvinism_flipped.graphml,125,0.032,0.416,0.079,0.082,0.074,0.073,0.068,0.068
RU,anti_basic_income,RU_anti_basic_income_flipped.graphml,170,0.100,0.400,0.087,0.091,0.081,0.078,0.077,0.073
RU,anti_climate_ban_appliances,RU_anti_climate_ban_appliances_flipped.graphml,182,0.055,0.401,0.082,0.099,0.077,0.073,0.084,0.070
RU,anti_climate_change_renewables,RU_anti_climate_change_renewables_flipped.graphml,232,0.142,0.328,0.081,0.097,0.074,0.072,0.079,0.067
RU,anti_climate_change_taxes,RU_anti_climate_change_taxes_flipped.graphml,148,0.034,0.439,0.085,0.098,0.082,0.079,0.087,0.075
RU,anti_economic_interventionism,RU_anti_economic_interventionism_flipped.graphml,188,0.085,0.362,0.081,0.088,0.078,0.074,0.077,0.071
RU,anti_egalitarianism,RU_anti_egalitarianism_flipped.graphml,143,0.105,0.336,0.087,0.090,0.085,0.080,0.081,0.078
RU,anti_immigration,RU_anti_immigration_flipped.graphml,167,0.072,0.383,0.085,0.091,0.083,0.078,0.082,0.075
RU,anti_lgbt,RU_anti_lgbt_flipped.graphml,169,0.101,0.343,0.081,0.092,0.076,0.074,0.078,0.069
RU,anti_libertarianism,RU_anti_libertarianism_flipped.graphml,193,0.057,0.415,0.080,0.082,0.076,0.073,0.074,0.069
RU,anti_social_benefits_low_income,RU_anti_social_benefits_low_income_flipped.graphml,215,0.070,0.433,0.083,0.090,0.081,0.077,0.078,0.075
RU,anti_social_benefits_parents,RU_anti_social_benefits_parents_flipped.graphml,165,0.048,0.442,0.083,0.092,0.078,0.076,0.087,0.070
RU,authoritarianism,RU_authoritarianism_flipped.graphml,133,0.030,0.436,0.089,0.088,0.085,0.083,0.079,0.079
RU,benefits_harm_economy,RU_benefits_harm_economy_flipped.graphml,172,0.076,0.384,0.082,0.087,0.080,0.074,0.075,0.072
RU,benefits_harm_society,RU_benefits_harm_society_flipped.graphml,181,0.055,0.398,0.081,0.085,0.078,0.073,0.072,0.070
RU,climate_skepticism,RU_climate_skepticism_flipped.graphml,168,0.089,0.387,0.083,0.091,0.079,0.078,0.082,0.074
RU,educational_spending,RU_educational_spending_flipped.graphml,172,0.052,0.407,0.083,0.097,0.080,0.075,0.084,0.071
RU,euroscepticism,RU_euroscepticism_flipped.graphml,172,0.093,0.384,0.081,0.082,0.080,0.074,0.072,0.073
RU,gender_inequality,RU_gender_inequality_flipped.graphml,188,0.059,0.399,0.081,0.091,0.079,0.073,0.076,0.071
RU,left_right_identification,RU_left_right_identification_flipped.graphml,155,0.077,0.361,0.083,0.093,0.077,0.078,0.085,0.072
RU,welfare_chauvinism,RU_welfare_chauvinism_flipped.graphml,153,0.059,0.379,0.085,0.102,0.078,0.079,0.092,0.073
SE,anti_basic_income,SE_anti_basic_income_flipped.graphml,185,0.032,0.335,0.085,0.079,0.079,0.077,0.076,0.070
SE,anti_climate_ban_appliances,SE_anti_climate_ban_appliances_flipped.graphml,141,0.014,0.305,0.087,0.045,0.074,0.078,0.045,0.068
SE,anti_climate_change_renewables,SE_anti_climate_change_renewables_flipped.graphml,175,0.034,0.337,0.084,0.067,0.077,0.075,0.066,0.070
SE,anti_climate_change_taxes,SE_anti_climate_change_taxes_flipped.graphml,156,0.026,0.288,0.089,0.079,0.081,0.081,0.072,0.075
SE,anti_economic_interventionism,SE_anti_economic_interventionism_flipped.graphml,216,0.065,0.343,0.089,0.084,0.084,0.081,0.081,0.077
SE,anti_egalitarianism,SE_anti_egalitarianism_flipped.graphml,163,0.025,0.313,0.085,0.112,0.071,0.076,0.101,0.065
SE,anti_immigration,SE_anti_immigration_flipped.graphml,149,0.040,0.295,0.089,0.087,0.077,0.080,0.080,0.072
SE,anti_lgbt,SE_anti_lgbt_flipped.graphml,131,0.038,0.328,0.091,0.093,0.080,0.083,0.089,0.075
SE,anti_libertarianism,SE_anti_libertarianism_flipped.graphml,169,0.012,0.320,0.086,0.088,0.076,0.077,0.081,0.071
SE,anti_social_benefits_low_income,SE_anti_social_benefits_low_income_flipped.graphml,142,0.007,0.310,0.090,0.059,0.077,0.080,0.056,0.071
SE,anti_social_benefits_parents,SE_anti_social_benefits_parents_flipped.graphml,200,0.025,0.385,0.092,0.078,0.086,0.085,0.074,0.081
SE,authoritarianism,SE_authoritarianism_flipped.graphml,114,0.009,0.333,0.099,0.077,0.094,0.092,0.077,0.088
SE,benefits_harm_economy,SE_benefits_harm_economy_flipped.graphml,246,0.061,0.341,0.085,0.077,0.082,0.077,0.069,0.075
SE,benefits_harm_society,SE_benefits_harm_society_flipped.graphml,232,0.013,0.397,0.089,0.075,0.085,0.081,0.072,0.078
SE,climate_skepticism,SE_climate_skepticism_flipped.graphml,157,0.019,0.325,0.087,0.065,0.078,0.078,0.060,0.072
SE,educational_spending,SE_educational_spending_flipped.graphml,135,0.015,0.259,0.089,0.069,0.080,0.079,0.062,0.075
SE,euroscepticism,SE_euroscepticism_flipped.graphml,113,0.009,0.319,0.092,0.068,0.083,0.084,0.067,0.076
SE,gender_inequality,SE_gender_inequality_flipped.graphml,214,0.051,0.360,0.090,0.100,0.082,0.082,0.088,0.076
SE,left_right_identification,SE_left_right_identification_flipped.graphml,208,0.029,0.327,0.082,0.062,0.074,0.073,0.055,0.066
SE,welfare_chauvinism,SE_welfare_chauvinism_flipped.graphml,153,0.033,0.294,0.086,0.059,0.076,0.077,0.057,0.071
SI,anti_basic_income,SI_anti_basic_income_flipped.graphml,269,0.086,0.416,0.082,0.089,0.078,0.077,0.084,0.073
SI,anti_climate_ban_appliances,SI_anti_climate_ban_appliances_flipped.graphml,196,0.061,0.372,0.078,0.076,0.075,0.073,0.072,0.071
SI,anti_climate_change_renewables,SI_anti_climate_change_renewables_flipped.graphml,145,0.055,0.331,0.077,0.077,0.072,0.071,0.072,0.068
SI,anti_climate_change_taxes,SI_anti_climate_change_taxes_flipped.graphml,172,0.076,0.395,0.078,0.076,0.072,0.071,0.072,0.066
SI,anti_economic_interventionism,SI_anti_economic_interventionism_flipped.graphml,124,0.073,0.331,0.079,0.079,0.073,0.072,0.077,0.068
SI,anti_egalitarianism,SI_anti_egalitarianism_flipped.graphml,193,0.140,0.311,0.070,0.066,0.067,0.065,0.063,0.063
SI,anti_immigration,SI_anti_immigration_flipped.graphml,130,0.062,0.292,0.073,0.074,0.065,0.067,0.071,0.061
SI,anti_lgbt,SI_anti_lgbt_flipped.graphml,169,0.065,0.367,0.078,0.082,0.072,0.072,0.077,0.067
SI,anti_libertarianism,SI_anti_libertarianism_flipped.graphml,219,0.059,0.420,0.081,0.076,0.081,0.076,0.074,0.077
SI,anti_social_benefits_low_income,SI_anti_social_benefits_low_income_flipped.graphml,103,0.000,0.350,0.080,,0.072,0.074,,0.069
SI,anti_social_benefits_parents,SI_anti_social_benefits_parents_flipped.graphml,113,0.080,0.345,0.079,0.065,0.070,0.073,0.062,0.066
SI,authoritarianism,SI_authoritarianism_flipped.graphml,136,0.029,0.375,0.081,0.080,0.076,0.073,0.077,0.070
SI,benefits_harm_economy,SI_benefits_harm_economy_flipped.graphml,125,0.112,0.296,0.081,0.084,0.073,0.075,0.081,0.068
SI,benefits_harm_society,SI_benefits_harm_society_flipped.graphml,142,0.070,0.331,0.078,0.072,0.071,0.073,0.068,0.067
SI,climate_skepticism,SI_climate_skepticism_flipped.graphml,247,0.109,0.340,0.075,0.075,0.070,0.070,0.073,0.065
SI,educational_spending,SI_educational_spending_flipped.graphml,162,0.025,0.463,0.079,0.080,0.075,0.073,0.075,0.071
SI,euroscepticism,SI_euroscepticism_flipped.graphml,181,0.061,0.403,0.082,0.089,0.078,0.077,0.087,0.074
SI,gender_inequality,SI_gender_inequality_flipped.graphml,110,0.055,0.264,0.081,0.092,0.077,0.076,0.087,0.074
SI,left_right_identification,SI_left_right_identification_flipped.graphml,94,0.064,0.319,0.082,0.067,0.079,0.075,0.064,0.073
SI,welfare_chauvinism,SI_welfare_chauvinism_flipped.graphml,171,0.076,0.380,0.076,0.074,0.071,0.069,0.069,0.065
